time,equ_status,equ_status_1,H2_volume,CO_volume,CO2_volume,CH4_volume,C2H4_volume,C2H2_volume,C2H6_volume,total_hydrocarbons
2015-07-31,1,2,15.7,179.0,611.0,3.56,0.38,0.0,0.5,4.44
2015-07-30,1,2,16.8,166.0,596.0,3.62,0.39,0.0,0.55,4.56
2015-07-13,1,2,16.2,163.0,582.0,3.61,0.39,0.0,0.53,4.53
2015-07-12,1,2,16.2,163.0,582.0,3.61,0.39,0.0,0.53,4.53
2015-07-11,1,2,16.2,163.0,582.0,3.61,0.39,0.0,0.53,4.53
2015-07-10,1,2,17.3,160.0,625.0,3.24,0.43,0.0,0.54,4.21
2015-07-09,1,2,14.7,160.0,571.0,3.35,0.44,0.0,0.5,4.29
2015-07-08,1,2,14.7,173.0,595.0,3.33,0.38,0.0,0.52,4.23
2015-07-07,1,2,14.7,173.0,595.0,3.33,0.38,0.0,0.52,4.23
2015-07-06,1,2,17.5,170.0,609.0,3.38,0.43,0.0,0.0,3.81
2015-07-05,1,2,16.3,180.0,625.0,3.39,0.38,0.0,0.0,3.77
2015-07-04,1,2,16.5,179.0,604.0,3.19,0.38,0.0,0.0,3.57
2015-07-03,1,2,14.5,177.0,626.0,3.21,0.37,0.0,0.0,3.58
2015-07-02,1,2,14.7,176.0,614.0,3.56,0.43,0.0,0.0,3.99
2015-07-01,1,2,15.2,166.0,576.0,3.65,0.39,0.0,0.0,4.04
2015-06-30,1,2,14.5,168.0,591.0,3.31,0.39,0.0,0.0,3.7
2015-06-29,1,2,16.6,160.0,574.0,3.62,0.4,0.0,0.0,4.02
2015-06-28,1,2,15.6,168.0,594.0,3.3,0.39,0.0,0.0,3.69
2015-06-27,1,2,17.0,173.0,578.0,3.56,0.42,0.0,0.0,3.98
2015-06-26,1,2,15.8,164.0,622.0,3.29,0.4,0.0,0.0,3.69
2015-06-25,1,2,17.5,180.0,614.0,3.71,0.44,0.0,0.0,4.15
2015-06-24,1,2,14.5,167.0,614.0,3.75,0.43,0.0,0.0,4.18
2015-06-23,1,2,17.5,179.0,623.0,3.67,0.37,0.0,0.0,4.04
2015-06-22,1,2,16.7,174.0,605.0,3.71,0.44,0.0,0.0,4.15
2015-06-21,1,2,15.3,165.0,576.0,3.76,0.36,0.0,0.0,4.12
2015-06-20,1,2,15.9,161.0,604.0,3.77,0.39,0.0,0.0,4.16
2015-06-19,1,2,15.1,177.0,586.0,3.69,0.42,0.0,0.0,4.11
2015-06-18,1,2,16.0,168.0,575.0,3.39,0.44,0.0,0.0,3.83
2015-06-17,1,2,14.9,167.0,603.0,3.68,0.37,0.0,0.0,4.05
2015-06-16,1,2,17.2,175.0,623.0,3.35,0.36,0.0,0.0,3.71
2015-06-15,1,2,14.5,174.0,599.0,3.61,0.39,0.0,0.0,4.0
2015-06-14,1,2,16.2,166.0,585.0,3.47,0.37,0.0,0.0,3.84
2015-06-13,1,2,14.7,160.0,586.0,3.84,0.43,0.0,0.0,4.27
2015-06-12,1,2,16.9,160.0,577.0,3.33,0.37,0.0,0.0,3.7
2015-06-11,1,2,16.4,175.0,623.0,3.77,0.4,0.0,0.0,4.17
2015-06-10,1,2,17.4,163.0,601.0,3.66,0.39,0.0,0.0,4.05
2015-06-09,1,2,16.3,163.0,613.0,3.46,0.37,0.0,0.0,3.83
2015-06-08,1,2,14.8,172.0,581.0,3.67,0.39,0.0,0.0,4.06
2015-06-07,1,2,16.0,169.0,627.0,3.43,0.38,0.0,0.0,3.81
2015-06-06,1,2,15.2,160.0,628.0,3.23,0.43,0.0,0.0,3.66
2015-05-30,1,2,16.5,170.0,600.0,3.57,0.37,0.0,0.0,3.94
2015-05-29,1,2,14.5,178.0,601.0,3.35,0.41,0.0,0.0,3.76
2015-05-28,1,2,16.6,168.0,603.0,3.82,0.37,0.0,0.0,4.19
2015-05-27,1,2,17.1,173.0,610.0,3.41,0.37,0.0,0.0,3.78
2015-05-26,1,2,14.6,175.0,629.0,3.34,0.41,0.0,0.0,3.75
2015-05-25,1,2,15.0,169.0,624.0,3.45,0.38,0.0,0.0,3.83
2015-05-24,1,2,15.0,168.0,573.0,3.4,0.39,0.0,0.0,3.79
2015-05-23,1,2,15.7,166.0,613.0,3.33,0.38,0.0,0.0,3.71
2015-05-22,1,2,15.7,164.0,576.0,3.78,0.39,0.0,0.0,4.17
2015-05-21,1,2,15.1,166.0,591.0,3.44,0.38,0.0,0.0,3.82
2015-05-20,1,2,17.4,174.0,611.0,3.7,0.41,0.0,0.0,4.11
2015-05-19,1,2,15.6,167.0,609.0,3.79,0.38,0.0,0.0,4.17
2015-05-18,1,2,17.0,171.0,603.0,3.43,0.39,0.0,0.0,3.82
2015-05-17,1,2,16.8,174.0,590.0,3.22,0.37,0.0,0.0,3.59
2015-05-16,1,2,16.5,180.0,589.0,3.41,0.39,0.0,0.0,3.8
2015-05-15,1,2,14.9,161.0,588.0,3.42,0.39,0.0,0.0,3.81
2015-05-14,1,2,15.2,164.0,610.0,3.35,0.41,0.0,0.0,3.76
2015-05-13,1,2,15.7,164.0,576.0,3.78,0.39,0.0,0.0,4.17
2015-05-12,1,2,14.9,167.0,603.0,3.68,0.37,0.0,0.0,4.05
2015-05-11,1,2,16.9,164.0,625.0,3.4,0.36,0.0,0.0,3.76
2015-05-10,1,2,17.1,169.0,621.0,3.34,0.42,0.0,0.0,3.76
2015-05-09,1,2,16.8,174.0,590.0,3.22,0.37,0.0,0.0,3.59
2015-05-08,1,2,15.4,160.0,586.0,3.42,0.39,0.0,0.0,3.81
2015-05-07,1,2,14.9,164.0,607.0,3.77,0.4,0.0,0.0,4.17
2015-05-06,1,2,15.8,162.0,595.0,3.69,0.41,0.0,0.0,4.1
2015-05-05,1,2,16.6,168.0,603.0,3.69,0.41,0.0,0.0,4.1
2015-05-04,1,2,15.4,160.0,586.0,3.42,0.39,0.0,0.0,3.81
2015-05-03,1,2,17.5,175.0,626.0,3.76,0.41,0.0,0.0,4.17
2015-05-02,1,2,15.8,166.0,582.0,3.76,0.41,0.0,0.0,4.17
2015-05-01,1,2,16.5,180.0,589.0,3.41,0.39,0.0,0.0,3.8
2015-04-30,1,2,15.2,167.0,606.0,3.38,0.42,0.0,0.0,3.8
2015-04-29,1,2,16.8,168.0,628.0,3.84,0.38,0.0,0.0,4.22
2015-04-28,1,2,14.7,167.0,579.0,3.66,0.36,0.0,0.0,4.02
2015-04-27,1,2,15.8,166.0,582.0,3.76,0.41,0.0,0.0,4.17
2015-04-26,1,2,16.2,176.0,590.0,3.8,0.38,0.0,0.0,4.18
2015-04-25,1,2,16.6,160.0,620.0,3.26,0.37,0.0,0.0,3.63
2015-04-24,1,2,17.0,173.0,578.0,3.56,0.42,0.0,0.0,3.98
2015-04-23,1,2,15.1,164.0,571.0,3.79,0.41,0.0,0.0,4.2
2015-04-22,1,2,15.8,178.0,621.0,3.52,0.41,0.0,0.0,3.93
2015-04-21,1,2,16.8,170.0,603.0,3.27,0.42,0.0,0.0,3.69
2015-04-20,1,2,17.6,160.0,583.0,3.44,0.38,0.0,0.0,3.82
2015-04-19,1,2,17.1,174.0,601.0,3.58,0.39,0.0,0.0,3.97
2015-04-18,1,2,17.1,173.0,618.0,3.37,0.42,0.0,0.0,3.79
2015-04-17,1,2,15.3,163.0,619.0,3.43,0.38,0.0,0.0,3.81
2015-04-16,1,2,16.0,154.0,627.0,2.94,0.38,0.0,0.0,3.32
2015-04-15,1,2,14.6,158.0,604.0,3.13,0.44,0.0,0.0,3.57
2015-04-14,1,2,16.7,156.0,590.0,3.21,0.42,0.0,0.0,3.63
2015-04-13,1,2,14.8,151.0,586.0,2.98,0.4,0.0,0.0,3.38
2015-04-12,1,2,16.2,148.0,581.0,2.78,0.44,0.0,0.0,3.22
2015-04-11,1,2,16.8,148.0,598.0,3.06,0.37,0.0,0.0,3.43
2015-04-10,1,2,15.3,155.0,608.0,2.85,0.43,0.0,0.0,3.28
2015-04-09,1,2,15.4,163.0,622.0,3.0,0.43,0.0,0.0,3.43
2015-04-08,1,2,17.1,156.0,580.0,3.15,0.37,0.0,0.0,3.52
2015-04-07,1,2,15.7,162.0,582.0,2.98,0.38,0.0,0.0,3.36
2015-04-06,1,2,15.0,152.0,597.0,3.19,0.44,0.0,0.0,3.63
2015-04-05,1,2,16.0,153.0,594.0,2.75,0.43,0.0,0.0,3.18
2015-04-04,1,2,14.5,151.0,572.0,2.75,0.42,0.0,0.0,3.17
2015-04-03,1,2,14.4,162.0,571.0,3.2,0.41,0.0,0.0,3.61
2015-04-02,1,2,16.6,151.0,586.0,2.99,0.39,0.0,0.0,3.38
2015-04-01,1,2,16.6,156.0,600.0,3.19,0.42,0.0,0.0,3.61
2015-03-31,1,2,16.1,160.0,617.0,2.86,0.36,0.0,0.0,3.22
2015-03-30,1,2,16.4,155.0,608.0,2.72,0.42,0.0,0.0,3.14
2015-03-29,1,2,14.6,149.0,599.0,2.75,0.39,0.0,0.0,3.14
2015-03-28,1,2,14.4,150.0,620.0,2.71,0.41,0.0,0.0,3.12
2015-03-27,1,2,14.4,150.0,613.0,2.76,0.38,0.0,0.0,3.14
2015-03-26,1,2,18.2,132.0,605.0,2.41,0.4,0.0,0.0,2.81
2015-03-25,1,2,20.7,142.0,621.0,2.08,0.37,0.0,0.0,2.45
2015-03-24,1,2,17.2,135.0,607.0,1.99,0.42,0.0,0.0,2.41
2015-03-23,1,2,18.7,134.0,594.0,2.18,0.41,0.0,0.0,2.59
2015-03-22,1,2,20.0,140.0,583.0,2.09,0.39,0.0,0.0,2.48
2015-03-21,1,2,18.3,146.0,570.0,2.1,0.41,0.0,0.0,2.51
2015-03-20,1,2,19.4,140.0,619.0,2.2,0.36,0.0,0.0,2.56
2015-03-19,1,2,18.2,138.0,574.0,2.09,0.37,0.0,0.0,2.46
2015-03-18,1,2,19.1,144.0,578.0,2.36,0.38,0.0,0.0,2.74
2015-03-17,1,2,19.1,135.0,575.0,2.17,0.43,0.0,0.0,2.6
2015-03-16,1,2,17.6,148.0,585.0,2.4,0.44,0.0,0.0,2.84
2015-03-15,1,2,17.2,135.0,608.0,2.29,0.4,0.0,0.0,2.69
2015-03-14,1,2,19.7,137.0,581.0,2.31,0.41,0.0,0.0,2.72
2015-03-13,1,2,17.8,146.0,592.0,2.14,0.43,0.0,0.0,2.57
2015-03-12,1,2,18.4,146.0,616.0,2.09,0.4,0.0,0.0,2.49
2015-03-11,1,2,17.2,142.0,579.0,2.2,0.42,0.0,0.0,2.62
2015-03-10,1,2,19.2,136.0,608.0,2.38,0.4,0.0,0.0,2.78
2015-03-09,1,2,19.2,136.0,608.0,2.38,0.4,0.0,0.0,2.78
2015-03-08,1,2,17.6,138.0,608.0,2.42,0.39,0.0,0.0,2.81
2015-03-07,1,2,20.4,135.0,579.0,2.31,0.43,0.0,0.0,2.74
2015-03-06,1,2,19.2,136.0,611.0,2.17,0.37,0.0,0.0,2.54
2015-03-05,1,2,19.6,146.0,628.0,2.28,0.37,0.0,0.0,2.65
2015-03-04,1,2,18.9,141.0,598.0,2.38,0.43,0.0,0.0,2.81
2015-03-03,1,2,19.2,113.0,539.0,1.98,0.38,0.0,0.0,2.36
2015-03-02,1,2,18.6,121.0,509.0,1.82,0.39,0.0,0.0,2.21
2015-03-01,1,2,18.7,121.0,500.0,1.65,0.37,0.0,0.0,2.02
2015-02-28,1,2,18.4,124.0,519.0,1.84,0.38,0.0,0.0,2.22
2015-02-27,1,2,19.8,122.0,502.0,1.76,0.37,0.0,0.0,2.13
2015-02-26,1,2,19.9,116.0,508.0,1.85,0.36,0.0,0.0,2.21
2015-02-25,1,2,19.6,118.0,507.0,1.92,0.39,0.0,0.0,2.31
2015-02-24,1,2,19.5,113.0,510.0,1.94,0.42,0.0,0.0,2.36
2015-02-23,1,2,18.1,112.0,535.0,1.67,0.41,0.0,0.0,2.08
2015-02-22,1,2,20.8,127.0,522.0,1.8,0.44,0.0,0.0,2.24
2015-02-21,1,2,18.1,114.0,511.0,1.97,0.4,0.0,0.0,2.37
2015-02-20,1,2,18.2,120.0,528.0,1.78,0.4,0.0,0.0,2.18
2015-02-19,1,2,19.2,115.0,512.0,1.72,0.4,0.0,0.0,2.12
2015-02-18,1,2,20.0,112.0,510.0,1.94,0.43,0.0,0.0,2.37
2015-02-17,1,2,20.0,121.0,545.0,1.76,0.37,0.0,0.0,2.13
2015-02-16,1,2,18.5,123.0,525.0,1.63,0.44,0.0,0.0,2.07
2015-02-15,1,2,18.1,121.0,512.0,1.82,0.37,0.0,0.0,2.19
2015-02-14,1,2,18.9,126.0,516.0,1.69,0.39,0.0,0.0,2.08
2015-02-13,1,2,19.1,120.0,519.0,1.88,0.37,0.0,0.0,2.25
2015-02-12,1,2,19.8,114.0,507.0,1.69,0.37,0.0,0.0,2.06
2015-02-11,1,2,17.1,116.0,519.0,1.83,0.43,0.0,0.0,2.26
2015-02-10,1,2,20.0,118.0,497.0,1.64,0.36,0.0,0.0,2.0
2015-02-09,1,2,20.3,118.0,510.0,1.66,0.37,0.0,0.0,2.03
2015-02-08,1,2,19.4,124.0,503.0,1.72,0.44,0.0,0.0,2.16
2015-02-07,1,2,18.6,113.0,512.0,1.74,0.42,0.0,0.0,2.16
2015-02-06,1,2,20.6,127.0,496.0,1.94,0.39,0.0,0.0,2.33
2015-02-05,1,2,17.3,122.0,539.0,1.96,0.4,0.0,0.0,2.36
2015-02-04,1,2,20.4,122.0,521.0,1.72,0.44,0.0,0.0,2.16
2015-02-03,1,2,18.7,113.0,500.0,1.67,0.37,0.0,0.0,2.04
2015-02-02,1,2,20.3,125.0,521.0,1.63,0.42,0.0,0.0,2.05
2015-02-01,1,2,18.7,120.0,505.0,1.73,0.37,0.0,0.0,2.1
2015-01-31,1,2,19.8,127.0,544.0,1.83,0.43,0.0,0.0,2.26
2015-01-30,1,2,19.2,121.0,535.0,1.81,0.38,0.0,0.0,2.19
2015-01-29,1,2,19.3,114.0,523.0,1.89,0.43,0.0,0.0,2.32
2015-01-28,1,2,17.9,116.0,527.0,1.78,0.37,0.0,0.0,2.15
2015-01-27,1,2,17.2,120.0,535.0,1.79,0.4,0.0,0.0,2.19
2015-01-26,1,2,19.9,121.0,536.0,1.96,0.4,0.0,0.0,2.36
2015-01-25,1,2,19.4,126.0,510.0,1.97,0.39,0.0,0.0,2.36
2015-01-24,1,2,17.6,121.0,512.0,1.69,0.4,0.0,0.0,2.09
2015-01-23,1,2,18.9,112.0,539.0,1.66,0.37,0.0,0.0,2.03
2015-01-22,1,2,17.5,123.0,537.0,1.73,0.37,0.0,0.0,2.1
2015-01-21,1,2,17.5,125.0,506.0,1.63,0.43,0.0,0.0,2.06
2015-01-20,1,2,20.0,123.0,542.0,1.84,0.38,0.0,0.0,2.22
2015-01-19,1,2,20.7,120.0,515.0,1.74,0.4,0.0,0.0,2.14
2015-01-18,1,2,18.7,123.0,506.0,1.65,0.4,0.0,0.0,2.05
2015-01-17,1,2,19.9,123.0,500.0,1.84,0.37,0.0,0.0,2.21
2015-01-16,1,2,17.2,112.0,544.0,1.75,0.42,0.0,0.0,2.17
2015-01-15,1,2,18.3,115.0,509.0,1.74,0.37,0.0,0.0,2.11
2015-01-14,1,2,18.7,113.0,511.0,1.86,0.39,0.0,0.0,2.25
2015-01-13,1,2,17.8,113.0,520.0,1.94,0.39,0.0,0.0,2.33
2015-01-12,1,2,18.0,124.0,521.0,1.78,0.43,0.0,0.0,2.21
2015-01-11,1,2,18.7,117.0,536.0,1.8,0.36,0.0,0.0,2.16
2015-01-10,1,2,18.6,119.0,539.0,1.73,0.42,0.0,0.0,2.15
2015-01-09,1,2,17.9,123.0,533.0,1.85,0.38,0.0,0.0,2.23
2015-01-08,1,2,18.9,120.0,535.0,1.85,0.37,0.0,0.0,2.22
2015-01-07,1,2,20.8,121.0,499.0,1.83,0.4,0.0,0.0,2.23
2015-01-06,1,2,20.2,118.0,539.0,1.94,0.37,0.0,0.0,2.31
2015-01-05,1,2,18.0,126.0,520.0,1.69,0.43,0.0,0.0,2.12
2015-01-04,1,2,19.6,119.0,531.0,1.83,0.39,0.0,0.0,2.22
2015-01-03,1,2,19.8,118.0,525.0,1.79,0.37,0.0,0.0,2.16
2015-01-02,1,2,20.6,116.0,523.0,1.66,0.39,0.0,0.0,2.05
2015-01-01,1,2,19.2,124.0,516.0,1.68,0.44,0.0,0.0,2.12
2014-12-31,1,2,18.8,113.0,536.0,1.95,0.4,0.0,0.0,2.35
2014-12-30,1,2,18.1,113.0,522.0,1.9,0.38,0.0,0.0,2.28
2014-12-29,1,2,19.6,120.0,501.0,1.79,0.37,0.0,0.0,2.16
2014-12-28,1,2,19.6,127.0,516.0,1.96,0.43,0.0,0.0,2.39
2014-12-27,1,2,17.6,126.0,516.0,1.83,0.41,0.0,0.0,2.24
2014-12-26,1,2,17.2,118.0,531.0,1.74,0.4,0.0,0.0,2.14
2014-12-25,1,2,19.0,119.0,495.0,1.78,0.39,0.0,0.0,2.17
2014-12-24,1,2,20.0,115.0,514.0,1.81,0.43,0.0,0.0,2.24
2014-12-23,1,2,17.5,123.0,532.0,1.83,0.37,0.0,0.0,2.2
2014-12-22,1,2,17.4,117.0,533.0,1.81,0.44,0.0,0.0,2.25
2014-12-21,1,2,19.0,117.0,539.0,1.71,0.37,0.0,0.0,2.08
2014-12-20,1,2,17.9,117.0,529.0,1.98,0.42,0.0,0.0,2.4
2014-12-19,1,2,17.8,119.0,499.0,1.95,0.38,0.0,0.0,2.33
2014-12-18,1,2,20.1,123.0,529.0,1.83,0.37,0.0,0.0,2.2
2014-12-17,1,2,20.8,113.0,502.0,1.88,0.43,0.0,0.0,2.31
2014-12-16,1,2,18.2,113.0,506.0,1.93,0.39,0.0,0.0,2.32
2014-12-15,1,2,17.8,116.0,503.0,1.76,0.39,0.0,0.0,2.15
2014-12-14,1,2,18.4,126.0,519.0,1.64,0.43,0.0,0.0,2.07
2014-12-13,1,2,19.1,115.0,507.0,1.64,0.39,0.0,0.0,2.03
2014-12-12,1,2,20.1,115.0,502.0,1.81,0.43,0.0,0.0,2.24
2014-12-11,1,2,20.7,120.0,533.0,1.89,0.37,0.0,0.0,2.26
2014-12-10,1,2,20.7,119.0,500.0,1.62,0.36,0.0,0.0,1.98
2014-12-09,1,2,18.1,113.0,526.0,1.62,0.43,0.0,0.0,2.05
2014-12-08,1,2,18.1,115.0,534.0,1.69,0.37,0.0,0.0,2.06
2014-11-29,2,1,18.9,126.0,515.0,1.75,0.38,0.0,0.0,2.13
2014-11-28,1,2,18.9,126.0,515.0,1.75,0.38,0.0,0.0,2.13
2014-11-27,1,2,18.9,126.0,515.0,1.75,0.38,0.0,0.0,2.13
2014-11-26,1,2,20.3,119.0,506.0,1.83,0.44,0.0,0.0,2.27
2014-11-25,1,2,17.7,118.0,526.0,1.79,0.39,0.0,0.0,2.18
2014-11-24,1,2,20.1,115.0,505.0,1.89,0.38,0.0,0.0,2.27
2014-11-23,1,2,18.3,117.0,517.0,1.81,0.4,0.0,0.0,2.21
2014-11-22,1,2,17.4,121.0,546.0,1.63,0.42,0.0,0.0,2.05
2014-11-21,1,2,17.2,126.0,526.0,1.87,0.41,0.0,0.0,2.28
2014-11-20,1,2,19.8,118.0,522.0,1.71,0.42,0.0,0.0,2.13
2014-11-19,1,2,20.3,124.0,541.0,1.97,0.39,0.0,0.0,2.36
2014-11-18,1,2,18.0,127.0,497.0,1.92,0.42,0.0,0.0,2.34
2014-11-17,1,2,20.1,124.0,515.0,1.76,0.42,0.0,0.0,2.18
2014-11-07,2,1,19.1,113.0,503.0,1.94,0.38,0.0,0.0,2.32
2014-11-06,1,2,19.1,113.0,503.0,1.94,0.38,0.0,0.0,2.32
2014-11-05,1,2,19.1,113.0,503.0,1.94,0.38,0.0,0.0,2.32
2014-11-04,1,2,17.3,124.0,545.0,1.72,0.39,0.0,0.0,2.11
2014-11-03,1,2,17.6,121.0,529.0,1.66,0.43,0.0,0.0,2.09
2014-11-02,1,2,17.9,120.0,496.0,1.78,0.39,0.0,0.0,2.17
2014-11-01,1,2,19.9,123.0,504.0,1.86,0.38,0.0,0.0,2.24
2014-10-31,1,2,17.8,125.0,511.0,1.92,0.38,0.0,0.0,2.3
2014-10-30,1,2,20.7,117.0,532.0,1.91,0.38,0.0,0.0,2.29
2014-10-29,1,2,20.8,121.0,505.0,1.8,0.37,0.0,0.0,2.17
2014-10-28,1,2,18.3,120.0,503.0,1.76,0.42,0.0,0.0,2.18
2014-10-27,1,2,17.4,118.0,508.0,1.67,0.39,0.0,0.0,2.06
2014-10-26,1,2,17.4,126.0,500.0,1.73,0.4,0.0,0.0,2.13
2014-10-25,1,2,17.2,121.0,515.0,1.69,0.41,0.0,0.0,2.1
2014-10-24,1,2,18.5,124.0,544.0,1.64,0.36,0.0,0.0,2.0
2014-10-23,1,2,20.1,126.0,513.0,1.9,0.43,0.0,0.0,2.33
2014-10-22,1,2,17.2,113.0,534.0,1.76,0.38,0.0,0.0,2.14
2014-10-21,1,2,20.7,119.0,540.0,1.62,0.4,0.0,0.0,2.02
2014-10-20,1,2,19.9,120.0,531.0,1.97,0.38,0.0,0.0,2.35
2014-10-19,1,2,20.8,123.0,505.0,1.71,0.37,0.0,0.0,2.08
2014-10-18,1,2,19.0,115.0,539.0,1.93,0.39,0.0,0.0,2.32
2014-10-17,1,2,18.7,118.0,504.0,1.94,0.38,0.0,0.0,2.32
2014-10-16,1,2,17.5,124.0,518.0,1.63,0.38,0.0,0.0,2.01
2014-10-14,1,2,19.8,124.0,535.0,1.81,0.43,0.0,0.0,2.24
2014-10-13,1,2,19.7,120.0,531.0,1.67,0.4,0.0,0.0,2.07
2014-10-12,1,2,17.7,116.0,524.0,1.69,0.41,0.0,0.0,2.1
2014-10-11,1,2,19.0,114.0,497.0,1.92,0.39,0.0,0.0,2.31
2014-10-10,1,2,17.5,116.0,533.0,1.68,0.39,0.0,0.0,2.07
2014-10-09,1,2,20.8,115.0,512.0,1.89,0.39,0.0,0.0,2.28
2014-10-08,1,2,17.2,125.0,495.0,1.74,0.43,0.0,0.0,2.17
2014-10-07,1,2,19.1,120.0,507.0,1.63,0.4,0.0,0.0,2.03
2014-10-06,1,2,20.8,113.0,514.0,1.81,0.41,0.0,0.0,2.22
2014-10-05,1,2,17.4,121.0,535.0,1.93,0.4,0.0,0.0,2.33
2014-10-04,1,2,17.4,118.0,511.0,1.93,0.4,0.0,0.0,2.33
2014-10-03,1,2,19.0,120.0,516.0,1.8,0.42,0.0,0.0,2.22
2014-10-02,1,2,17.6,116.0,515.0,1.89,0.44,0.0,0.0,2.33
2014-10-01,1,2,17.4,122.0,517.0,1.78,0.43,0.0,0.0,2.21
2014-09-30,1,2,18.0,125.0,494.0,1.7,0.37,0.0,0.0,2.07
2014-09-29,1,2,20.2,115.0,539.0,1.85,0.38,0.0,0.0,2.23
2014-09-28,1,2,17.6,114.0,500.0,1.9,0.4,0.0,0.0,2.3
2014-09-27,1,2,18.6,117.0,520.0,1.78,0.4,0.0,0.0,2.18
2014-09-26,1,2,17.6,117.0,511.0,1.68,0.41,0.0,0.0,2.09
2014-09-25,1,2,17.2,120.0,495.0,1.68,0.39,0.0,0.0,2.07
2014-09-24,1,2,18.0,126.0,525.0,1.65,0.43,0.0,0.0,2.08
2014-09-23,1,2,19.6,119.0,520.0,1.65,0.39,0.0,0.0,2.04
2014-09-22,1,2,17.8,113.0,521.0,1.76,0.42,0.0,0.0,2.18
2014-09-21,1,2,19.0,114.0,494.0,1.72,0.38,0.0,0.0,2.1
2014-09-20,1,2,20.1,115.0,495.0,1.96,0.36,0.0,0.0,2.32
2014-09-19,1,2,18.8,124.0,520.0,1.74,0.41,0.0,0.0,2.15
2014-09-18,1,2,19.0,120.0,514.0,1.98,0.39,0.0,0.0,2.37
2014-09-17,1,2,18.9,116.0,512.0,1.97,0.36,0.0,0.0,2.33
2014-09-16,1,2,18.7,95.6,436.0,1.85,0.39,0.0,0.0,2.24
2014-09-15,1,2,19.9,96.3,429.0,1.72,0.4,0.0,0.0,2.12
2014-09-14,1,2,17.5,99.7,467.0,1.65,0.42,0.0,0.0,2.07
2014-09-13,1,2,17.4,93.2,446.0,1.83,0.39,0.0,0.0,2.22
2014-09-12,1,2,17.4,93.2,446.0,1.83,0.39,0.0,0.0,2.22
2014-09-11,1,2,20.8,96.3,465.0,1.81,0.42,0.0,0.0,2.23
2014-09-10,1,2,17.2,94.3,449.0,1.87,0.44,0.0,0.0,2.31
2014-09-09,1,2,20.3,95.1,456.0,1.66,0.4,0.0,0.0,2.06
2014-09-08,1,2,19.3,95.4,461.0,1.67,0.39,0.0,0.0,2.06
2014-09-07,1,2,18.1,91.7,457.0,1.72,0.41,0.0,0.0,2.13
2014-09-06,1,2,20.6,90.4,446.0,1.77,0.39,0.0,0.0,2.16
2014-09-05,1,2,20.5,99.5,467.0,1.87,0.42,0.0,0.0,2.29
2014-09-04,1,2,17.3,91.7,454.0,1.8,0.41,0.0,0.0,2.21
2014-09-03,1,2,18.4,89.5,432.0,1.65,0.4,0.0,0.0,2.05
2014-09-02,1,2,20.1,89.4,436.0,1.79,0.41,0.0,0.0,2.2
2014-09-01,1,2,19.0,90.2,440.0,1.98,0.41,0.0,0.0,2.39
2014-08-31,1,2,18.7,90.5,468.0,1.86,0.37,0.0,0.0,2.23
2014-08-30,1,2,17.3,97.1,459.0,1.79,0.37,0.0,0.0,2.16
2014-08-29,1,2,19.6,94.6,458.0,1.82,0.42,0.0,0.0,2.24
2014-08-28,1,2,19.9,90.9,463.0,1.75,0.36,0.0,0.0,2.11
2014-08-27,1,2,18.8,91.9,471.0,1.96,0.4,0.0,0.0,2.36
2014-08-26,1,2,18.3,96.5,456.0,1.86,0.41,0.0,0.0,2.27
2014-08-25,1,2,17.8,95.8,439.0,1.66,0.4,0.0,0.0,2.06
2014-08-24,1,2,17.3,91.5,457.0,1.87,0.44,0.0,0.0,2.31
2014-08-23,1,2,18.8,95.6,431.0,1.63,0.4,0.0,0.0,2.03
2014-08-22,1,2,19.0,100.0,431.0,1.71,0.42,0.0,0.0,2.13
2014-08-21,1,2,20.6,90.5,446.0,1.71,0.43,0.0,0.0,2.14
2014-08-20,1,2,17.2,94.7,438.0,1.92,0.42,0.0,0.0,2.34
2014-08-19,1,2,19.9,90.4,435.0,1.73,0.39,0.0,0.0,2.12
2014-08-18,1,2,17.7,99.0,458.0,1.89,0.43,0.0,0.0,2.32
2014-08-17,1,2,20.5,99.5,472.0,1.96,0.4,0.0,0.0,2.36
2014-08-16,1,2,20.7,90.6,435.0,1.64,0.4,0.0,0.0,2.04
2014-08-15,1,2,20.7,90.6,435.0,1.64,0.4,0.0,0.0,2.04
2014-08-14,1,2,17.9,91.1,445.0,1.93,0.42,0.0,0.0,2.35
2014-08-13,1,2,17.4,95.0,453.0,1.79,0.43,0.0,0.0,2.22
2014-08-12,1,2,17.5,93.8,469.0,1.64,0.39,0.0,0.0,2.03
2014-08-11,1,2,20.5,99.5,472.0,1.96,0.4,0.0,0.0,2.36
2014-08-10,1,2,18.9,96.3,441.0,1.9,0.4,0.0,0.0,2.3
2014-08-09,1,2,19.1,97.0,447.0,1.65,0.36,0.0,0.0,2.01
2014-08-08,1,2,19.3,95.3,465.0,1.69,0.4,0.0,0.0,2.09
2014-08-07,1,2,18.9,100.0,446.0,1.93,0.4,0.0,0.0,2.33
2014-08-06,1,2,17.9,97.0,447.0,1.67,0.43,0.0,0.0,2.1
2014-08-05,1,2,18.8,100.0,439.0,1.83,0.39,0.0,0.0,2.22
2014-08-04,1,2,20.0,89.9,430.0,1.94,0.4,0.0,0.0,2.34
2014-08-03,1,2,19.4,96.2,439.0,1.78,0.37,0.0,0.0,2.15
2014-08-02,1,2,19.0,100.0,431.0,1.77,0.38,0.0,0.0,2.15
2014-08-01,1,2,20.8,100.0,467.0,1.77,0.39,0.0,0.0,2.16
2016-07-31,1,2,6.43,304.0,575.0,3.83,0.41,0.0,0.0,4.24
2016-07-30,1,2,6.14,337.0,579.0,3.61,0.49,0.0,0.0,4.1
2016-07-13,1,2,6.09,308.0,572.0,4.02,0.45,0.0,0.0,4.47
2016-07-12,1,2,5.86,309.0,611.0,4.14,0.45,0.0,0.0,4.59
2016-07-11,1,2,6.35,336.0,615.0,3.91,0.44,0.0,0.0,4.35
2016-07-10,1,2,6.08,304.0,611.0,4.29,0.45,0.0,0.0,4.74
2016-07-09,1,2,6.6,312.0,605.0,4.01,0.49,0.0,0.0,4.5
2016-07-08,1,2,6.14,322.0,595.0,3.64,0.45,0.0,0.0,4.09
2016-07-07,1,2,6.04,332.0,609.0,3.61,0.46,0.0,0.0,4.07
2016-07-06,1,2,6.1,338.0,585.0,4.08,0.42,0.0,0.0,4.5
2016-07-05,1,2,6.08,304.0,612.0,3.62,0.49,0.0,0.0,4.11
2016-07-04,1,2,6.25,307.0,630.0,4.02,0.49,0.0,0.0,4.51
2016-07-03,1,2,6.25,307.0,630.0,4.02,0.49,0.0,0.0,4.51
2016-07-02,1,2,6.25,307.0,630.0,4.02,0.49,0.0,0.0,4.51
2016-07-01,1,2,6.25,307.0,630.0,4.02,0.49,0.0,0.0,4.51
2016-06-30,1,2,6.25,307.0,630.0,4.02,0.49,0.0,0.0,4.51
2016-06-29,1,2,6.25,307.0,630.0,4.02,0.49,0.0,0.0,4.51
2016-06-28,1,2,6.25,307.0,630.0,4.02,0.49,0.0,0.0,4.51
2016-06-27,1,2,6.25,307.0,630.0,4.02,0.49,0.0,0.0,4.51
2016-06-26,1,2,6.25,307.0,630.0,4.02,0.49,0.0,0.0,4.51
2016-06-25,1,2,6.25,307.0,630.0,4.02,0.49,0.0,0.0,4.51
2016-06-24,1,2,5.65,304.0,624.0,4.06,0.43,0.0,0.0,4.49
2016-06-23,1,2,5.57,315.0,623.0,3.61,0.49,0.0,0.0,4.1
2016-06-22,1,2,6.09,323.0,616.0,4.0,0.41,0.0,0.0,4.41
2016-06-21,1,2,6.31,304.0,572.0,4.17,0.45,0.0,0.0,4.62
2016-06-20,1,2,5.63,309.0,590.0,4.4,0.41,0.0,0.0,4.81
2016-06-19,1,2,6.08,304.0,611.0,4.29,0.45,0.0,0.0,4.74
2016-06-18,1,2,6.25,307.0,629.0,3.88,0.45,0.0,0.0,4.33
2016-06-17,1,2,6.41,330.0,582.0,3.9,0.44,0.0,0.0,4.34
2016-06-16,1,2,6.45,320.0,605.0,4.05,0.46,0.0,0.0,4.51
2016-06-15,1,2,6.09,323.0,616.0,4.0,0.41,0.0,0.0,4.41
2016-06-14,1,2,5.55,317.0,614.0,4.32,0.43,0.0,0.0,4.75
2016-06-13,1,2,5.55,314.0,578.0,4.17,0.48,0.0,0.0,4.65
2016-06-12,1,2,5.49,308.0,597.0,4.17,0.43,0.0,0.0,4.6
2016-06-11,1,2,5.96,326.0,584.0,4.31,0.44,0.0,0.0,4.75
2016-06-10,1,2,5.49,320.0,605.0,3.85,0.47,0.0,0.0,4.32
2016-06-09,1,2,6.6,322.0,572.0,3.88,0.45,0.0,0.0,4.33
2016-06-08,1,2,5.95,322.0,623.0,3.77,0.43,0.0,0.0,4.2
2016-06-07,1,2,6.16,327.0,611.0,3.86,0.46,0.0,0.0,4.32
2016-06-06,1,2,5.68,330.0,611.0,4.06,0.42,0.0,0.0,4.48
2016-05-30,2,1,11.4,233.0,768.0,4.11,0.43,0.0,0.46,5.0
2016-05-29,2,1,11.4,233.0,768.0,4.11,0.43,0.0,0.46,5.0
2016-05-28,1,2,11.4,233.0,768.0,4.11,0.43,0.0,0.46,5.0
2016-05-27,1,2,11.8,226.0,780.0,4.45,0.4,0.0,0.47,5.32
2016-05-26,1,2,12.4,227.0,790.0,4.95,0.38,0.0,0.53,5.86
2016-05-25,1,2,11.3,218.0,792.0,4.69,0.39,0.0,0.48,5.56
2016-05-24,1,2,11.0,238.0,784.0,4.15,0.4,0.0,0.55,5.1
2016-05-23,1,2,11.7,236.0,769.0,4.21,0.37,0.0,0.52,5.1
2016-05-22,1,2,12.0,233.0,807.0,4.56,0.42,0.0,0.5,5.48
2016-05-21,1,2,12.4,217.0,819.0,4.76,0.39,0.0,0.5,5.65
2016-05-20,1,2,12.8,236.0,758.0,4.24,0.39,0.0,0.53,5.16
2016-05-19,1,2,12.2,216.0,817.0,4.4,0.43,0.0,0.5,5.33
2016-05-18,1,2,11.3,222.0,816.0,4.08,0.36,0.0,0.51,4.95
2016-05-17,1,2,11.3,216.0,754.0,4.14,0.41,0.0,0.49,5.04
2016-05-16,1,2,12.4,226.0,810.0,4.68,0.37,0.0,0.49,5.54
2016-05-15,1,2,11.5,225.0,797.0,4.71,0.38,0.0,0.45,5.54
2016-05-14,1,2,11.5,235.0,785.0,4.47,0.43,0.0,0.5,5.4
2016-05-13,1,2,12.3,228.0,747.0,4.24,0.39,0.0,0.52,5.15
2016-05-12,1,2,15.2,194.0,682.0,3.55,0.42,0.0,0.51,4.48
2016-05-11,1,2,16.8,192.0,675.0,3.71,0.4,0.0,0.54,4.65
2016-05-10,1,2,15.2,188.0,717.0,3.51,0.38,0.0,0.49,4.38
2016-05-09,1,2,14.4,202.0,700.0,3.52,0.44,0.0,0.52,4.48
2016-05-08,1,2,14.8,188.0,712.0,3.8,0.37,0.0,0.47,4.64
2016-05-07,1,2,16.3,206.0,735.0,3.55,0.43,0.0,0.55,4.53
2016-05-06,1,2,14.4,186.0,692.0,3.46,0.41,0.0,0.51,4.38
2016-05-05,1,2,15.4,194.0,703.0,3.74,0.37,0.0,0.5,4.61
2016-05-04,1,2,14.7,205.0,726.0,3.58,0.41,0.0,0.54,4.53
2016-05-03,1,2,17.1,195.0,712.0,3.71,0.39,0.0,0.51,4.61
2016-05-02,1,2,14.4,196.0,733.0,3.36,0.39,0.0,0.46,4.21
2016-05-01,1,2,16.0,188.0,699.0,3.3,0.43,0.0,0.47,4.2
2016-04-30,1,2,17.1,204.0,684.0,3.74,0.38,0.0,0.5,4.62
2016-04-29,1,2,14.6,187.0,712.0,3.53,0.36,0.0,0.46,4.35
2016-04-28,1,2,14.8,203.0,722.0,3.29,0.4,0.0,0.52,4.21
2016-04-27,1,2,16.8,193.0,728.0,3.22,0.41,0.0,0.48,4.11
2016-04-26,1,2,14.5,202.0,667.0,3.5,0.42,0.0,0.49,4.41
2016-04-25,1,2,14.8,201.0,688.0,3.57,0.41,0.0,0.53,4.51
2016-04-24,1,2,15.7,195.0,687.0,3.54,0.43,0.0,0.53,4.5
2016-04-23,1,2,16.8,204.0,734.0,3.55,0.42,0.0,0.5,4.47
2016-04-22,1,2,14.6,187.0,710.0,3.4,0.36,0.0,0.52,4.28
2016-04-21,1,2,16.1,186.0,719.0,3.21,0.41,0.0,0.48,4.1
2016-04-20,1,2,16.4,203.0,713.0,3.32,0.38,0.0,0.51,4.21
2016-04-19,1,2,14.5,202.0,667.0,3.38,0.38,0.0,0.53,4.29
2016-04-18,2,1,17.3,200.0,716.0,3.73,0.38,0.0,0.49,4.6
2016-04-17,1,2,17.3,200.0,716.0,3.73,0.38,0.0,0.49,4.6
2016-04-16,1,2,16.0,206.0,732.0,3.84,0.38,0.0,0.51,4.73
2016-04-15,1,2,16.9,198.0,698.0,3.51,0.38,0.0,0.48,4.37
2016-04-14,1,2,15.1,184.0,728.0,3.43,0.38,0.0,0.54,4.35
2016-04-13,1,2,15.7,199.0,692.0,3.4,0.37,0.0,0.46,4.23
2016-04-12,1,2,15.6,190.0,683.0,3.52,0.36,0.0,0.45,4.33
2016-04-11,1,2,15.0,192.0,682.0,3.39,0.37,0.0,0.46,4.22
2016-04-10,1,2,14.8,183.0,726.0,3.73,0.38,0.0,0.49,4.6
2016-04-09,1,2,15.6,196.0,703.0,3.2,0.42,0.0,0.45,4.07
2016-04-08,1,2,16.2,188.0,719.0,3.49,0.42,0.0,0.48,4.39
2016-04-07,1,2,17.4,205.0,668.0,3.53,0.43,0.0,0.53,4.49
2016-04-06,1,2,15.7,195.0,687.0,3.54,0.43,0.0,0.53,4.5
2016-04-05,1,2,16.8,204.0,734.0,3.55,0.42,0.0,0.5,4.47
2016-04-04,1,2,14.4,191.0,677.0,3.41,0.44,0.0,0.53,4.38
2016-04-03,1,2,15.2,203.0,725.0,3.7,0.36,0.0,0.45,4.51
2016-04-02,1,2,16.1,205.0,716.0,3.48,0.39,0.0,0.49,4.36
2016-04-01,1,2,15.9,186.0,681.0,3.36,0.39,0.0,0.46,4.21
2016-03-31,1,2,14.7,205.0,726.0,3.58,0.41,0.0,0.54,4.53
2016-03-30,1,2,15.0,189.0,731.0,3.75,0.36,0.0,0.47,4.58
2016-03-29,1,2,14.8,183.0,726.0,3.73,0.38,0.0,0.49,4.6
2016-03-28,1,2,15.6,196.0,703.0,3.2,0.42,0.0,0.45,4.07
2016-03-27,1,2,17.0,195.0,728.0,3.5,0.42,0.0,0.49,4.41
2016-03-26,1,2,15.5,191.0,681.0,3.39,0.36,0.0,0.51,4.26
2016-03-25,1,2,15.8,199.0,674.0,3.61,0.38,0.0,0.5,4.49
2016-03-24,1,2,17.1,205.0,665.0,3.25,0.43,0.0,0.55,4.23
2016-03-23,1,2,17.3,195.0,678.0,3.57,0.41,0.0,0.53,4.51
2016-03-22,1,2,14.7,198.0,717.0,3.15,0.37,0.0,0.49,4.01
2016-03-21,1,2,14.4,197.0,716.0,3.7,0.36,0.0,0.55,4.61
2016-03-20,1,2,15.8,196.0,723.0,3.38,0.41,0.0,0.46,4.25
2016-03-19,1,2,15.6,187.0,714.0,3.51,0.41,0.0,0.46,4.38
2016-03-18,1,2,16.0,206.0,732.0,3.84,0.38,0.0,0.51,4.73
2016-03-17,1,2,16.8,204.0,681.0,3.45,0.37,0.0,0.52,4.34
2016-03-16,1,2,15.6,193.0,688.0,3.38,0.39,0.0,0.48,4.25
2016-03-15,1,2,15.5,185.0,713.0,3.23,0.4,0.0,0.45,4.08
2016-03-14,1,2,17.1,185.0,669.0,3.69,0.41,0.0,0.52,4.62
2016-03-13,1,2,17.2,201.0,715.0,3.73,0.42,0.0,0.5,4.65
2016-03-12,1,2,15.9,204.0,714.0,3.2,0.43,0.0,0.5,4.13
2016-03-11,1,2,17.4,196.0,696.0,3.51,0.37,0.0,0.54,4.42
2016-03-10,1,2,15.8,196.0,670.0,3.17,0.4,0.0,0.53,4.1
2016-03-09,1,2,17.1,204.0,699.0,3.62,0.41,0.0,0.48,4.51
2016-03-08,1,2,16.3,204.0,717.0,3.83,0.36,0.0,0.5,4.69
2016-03-07,1,2,15.5,191.0,669.0,3.66,0.4,0.0,0.53,4.59
2016-03-06,1,2,17.2,189.0,708.0,3.5,0.42,0.0,0.49,4.41
2016-03-05,1,2,15.9,186.0,688.0,3.41,0.41,0.0,0.54,4.36
2016-03-04,1,2,16.3,197.0,689.0,3.62,0.41,0.0,0.48,4.51
2016-03-03,1,2,16.7,184.0,699.0,3.77,0.42,0.0,0.49,4.68
2016-03-02,1,2,16.7,200.0,700.0,3.31,0.4,0.0,0.48,4.19
2016-03-01,1,2,17.4,196.0,711.0,3.51,0.36,0.0,0.48,4.35
2016-02-29,1,2,15.5,202.0,692.0,3.77,0.39,0.0,0.52,4.68
2016-02-28,1,2,17.5,205.0,720.0,3.39,0.37,0.0,0.48,4.24
2016-02-27,1,2,15.6,193.0,686.0,3.6,0.43,0.0,0.55,4.58
2016-02-26,1,2,16.8,193.0,726.0,3.43,0.42,0.0,0.46,4.31
2016-02-25,1,2,16.7,192.0,708.0,3.37,0.43,0.0,0.49,4.29
2016-02-24,1,2,15.0,198.0,717.0,3.65,0.38,0.0,0.54,4.57
2016-02-23,1,2,16.1,189.0,722.0,3.3,0.4,0.0,0.47,4.17
2016-02-22,1,2,15.1,201.0,706.0,3.15,0.42,0.0,0.55,4.12
2016-02-21,1,2,14.7,193.0,729.0,3.42,0.42,0.0,0.54,4.38
2016-02-20,1,2,16.3,198.0,679.0,3.66,0.4,0.0,0.54,4.6
2016-02-19,1,2,17.1,187.0,708.0,3.34,0.37,0.0,0.54,4.25
2016-02-18,1,2,16.8,193.0,725.0,3.31,0.38,0.0,0.5,4.19
2016-02-17,1,2,16.7,192.0,708.0,3.37,0.43,0.0,0.49,4.29
2016-02-16,1,2,15.8,200.0,671.0,3.71,0.43,0.0,0.52,4.66
2016-02-15,1,2,17.4,199.0,717.0,3.37,0.43,0.0,0.49,4.29
2016-02-14,1,2,15.3,193.0,683.0,3.19,0.39,0.0,0.51,4.09
2016-02-13,1,2,14.8,183.0,671.0,3.73,0.37,0.0,0.53,4.63
2016-02-12,1,2,14.6,198.0,714.0,3.37,0.38,0.0,0.46,4.21
2016-02-11,1,2,14.5,198.0,668.0,3.56,0.38,0.0,0.49,4.43
2016-02-10,1,2,17.5,186.0,723.0,3.82,0.39,0.0,0.47,4.68
2016-02-09,1,2,16.9,202.0,681.0,3.68,0.38,0.0,0.47,4.53
2016-02-08,1,2,14.6,186.0,726.0,3.41,0.4,0.0,0.55,4.36
2016-02-07,1,2,16.4,206.0,716.0,3.28,0.41,0.0,0.55,4.24
2016-02-06,1,2,15.3,204.0,688.0,3.52,0.39,0.0,0.54,4.45
2016-02-05,1,2,16.3,204.0,699.0,3.34,0.37,0.0,0.53,4.24
2016-02-04,1,2,16.0,204.0,695.0,3.63,0.41,0.0,0.5,4.54
2016-02-03,1,2,15.8,187.0,695.0,3.24,0.39,0.0,0.46,4.09
2016-02-02,1,2,17.6,184.0,674.0,3.74,0.42,0.0,0.46,4.62
2016-02-01,1,2,14.7,188.0,673.0,3.35,0.43,0.0,0.46,4.24
2016-01-31,1,2,14.5,191.0,729.0,3.84,0.42,0.0,0.53,4.79
2016-01-30,1,2,17.4,185.0,687.0,3.27,0.41,0.0,0.54,4.22
2016-01-29,1,2,15.4,199.0,704.0,3.69,0.4,0.0,0.47,4.56
2016-01-28,1,2,16.8,204.0,731.0,3.76,0.43,0.0,0.48,4.67
2016-01-27,1,2,17.2,189.0,726.0,3.28,0.41,0.0,0.55,4.24
2016-01-26,1,2,16.6,202.0,678.0,3.27,0.41,0.0,0.54,4.22
2016-01-25,1,2,15.3,203.0,707.0,3.43,0.42,0.0,0.45,4.3
2016-01-24,1,2,15.7,191.0,698.0,3.68,0.41,0.0,0.55,4.64
2016-01-23,1,2,16.9,196.0,732.0,3.3,0.4,0.0,0.47,4.17
2016-01-22,1,2,14.9,197.0,682.0,3.22,0.36,0.0,0.47,4.05
2016-01-21,1,2,15.5,186.0,684.0,3.71,0.37,0.0,0.51,4.59
2016-01-20,1,2,15.2,191.0,665.0,3.25,0.43,0.0,0.5,4.18
2016-01-19,1,2,16.0,183.0,706.0,3.41,0.44,0.0,0.47,4.32
2016-01-18,1,2,14.4,195.0,733.0,3.82,0.44,0.0,0.53,4.79
2016-01-17,1,2,17.2,202.0,708.0,3.2,0.42,0.0,0.47,4.09
2016-01-16,1,2,14.9,199.0,711.0,3.61,0.42,0.0,0.55,4.58
2016-01-15,1,2,14.6,194.0,669.0,3.75,0.41,0.0,0.45,4.61
2016-01-14,1,2,15.4,206.0,700.0,3.55,0.42,0.0,0.51,4.48
2016-01-13,1,2,15.7,196.0,685.0,3.75,0.44,0.0,0.51,4.7
2016-01-12,1,2,16.2,195.0,677.0,3.71,0.38,0.0,0.47,4.56
2016-01-11,1,2,14.5,203.0,729.0,3.55,0.42,0.0,0.52,4.49
2016-01-10,1,2,16.0,204.0,700.0,3.67,0.41,0.0,0.51,4.59
2016-01-09,1,2,16.4,195.0,697.0,3.78,0.38,0.0,0.51,4.67
2016-01-08,1,2,16.0,195.0,710.0,3.16,0.44,0.0,0.46,4.06
2016-01-07,1,2,15.2,206.0,733.0,3.69,0.4,0.0,0.49,4.58
2016-01-06,1,2,15.7,206.0,721.0,3.62,0.42,0.0,0.45,4.49
2016-01-05,1,2,16.0,188.0,709.0,3.27,0.41,0.0,0.51,4.19
2016-01-04,1,2,15.4,195.0,694.0,3.8,0.37,0.0,0.53,4.7
2016-01-03,1,2,15.9,190.0,688.0,3.36,0.38,0.0,0.52,4.26
2016-01-02,1,2,15.2,206.0,733.0,3.69,0.4,0.0,0.49,4.58
2016-01-01,1,2,17.2,190.0,702.0,3.45,0.37,0.0,0.49,4.31
2015-12-31,1,2,15.1,201.0,711.0,3.19,0.42,0.0,0.45,4.06
2015-12-30,1,2,17.2,202.0,708.0,3.2,0.42,0.0,0.47,4.09
2015-12-29,1,2,14.5,189.0,705.0,3.49,0.37,0.0,0.46,4.32
2015-12-28,1,2,15.5,200.0,716.0,3.71,0.37,0.0,0.45,4.53
2015-12-27,1,2,16.1,203.0,688.0,3.57,0.4,0.0,0.46,4.43
2015-12-26,1,2,14.5,199.0,723.0,3.68,0.38,0.0,0.52,4.58
2015-12-25,1,2,16.4,185.0,672.0,3.65,0.41,0.0,0.47,4.53
2015-12-24,1,2,15.5,197.0,696.0,3.51,0.43,0.0,0.47,4.41
2015-12-23,1,2,17.3,205.0,694.0,3.27,0.43,0.0,0.46,4.16
2015-12-22,1,2,16.8,198.0,705.0,3.46,0.39,0.0,0.46,4.31
2015-12-21,1,2,14.5,204.0,713.0,3.2,0.4,0.0,0.49,4.09
2015-12-20,1,2,16.8,201.0,724.0,3.42,0.41,0.0,0.53,4.36
2015-12-19,1,2,16.2,191.0,671.0,3.84,0.43,0.0,0.47,4.74
2015-12-18,1,2,17.2,186.0,714.0,3.49,0.36,0.0,0.51,4.36
2015-12-17,1,2,16.0,200.0,676.0,3.31,0.39,0.0,0.55,4.25
2015-12-16,1,2,15.4,191.0,689.0,3.34,0.38,0.0,0.49,4.21
2015-12-15,1,2,14.9,184.0,718.0,3.32,0.4,0.0,0.54,4.26
2015-12-14,1,2,14.4,198.0,692.0,3.52,0.43,0.0,0.49,4.44
2015-12-13,1,2,15.2,199.0,717.0,3.57,0.39,0.0,0.47,4.43
2015-12-12,1,2,14.6,190.0,735.0,3.29,0.41,0.0,0.51,4.21
2015-12-11,1,2,16.3,183.0,725.0,3.71,0.37,0.0,0.46,4.54
2015-12-10,1,2,14.8,191.0,686.0,3.5,0.43,0.0,0.47,4.4
2015-12-09,1,2,15.4,196.0,679.0,3.56,0.4,0.0,0.46,4.42
2015-11-30,1,2,15.1,205.0,715.0,3.74,0.43,0.0,0.51,4.68
2015-11-29,1,2,17.2,191.0,690.0,3.83,0.43,0.0,0.49,4.75
2015-11-28,1,2,15.6,183.0,720.0,3.26,0.4,0.0,0.46,4.12
2015-11-27,1,2,16.9,197.0,701.0,3.41,0.41,0.0,0.46,4.28
2015-11-26,1,2,14.4,198.0,689.0,3.62,0.39,0.0,0.51,4.52
2015-11-25,1,2,14.7,191.0,684.0,3.72,0.44,0.0,0.54,4.7
2015-11-24,1,2,17.2,185.0,727.0,3.23,0.37,0.0,0.48,4.08
2015-11-23,1,2,15.9,185.0,702.0,3.76,0.41,0.0,0.5,4.67
2015-11-22,1,2,17.1,198.0,729.0,3.31,0.38,0.0,0.52,4.21
2015-11-21,1,2,17.0,188.0,713.0,3.73,0.44,0.0,0.45,4.62
2015-11-20,1,2,16.0,198.0,725.0,3.32,0.37,0.0,0.54,4.23
2015-11-19,1,2,16.3,204.0,703.0,3.72,0.44,0.0,0.55,4.71
2015-11-18,1,2,16.7,195.0,718.0,3.62,0.39,0.0,0.52,4.53
2015-11-08,1,2,17.2,190.0,695.0,3.39,0.42,0.0,0.54,4.35
2015-11-07,1,2,14.7,197.0,729.0,3.59,0.42,0.0,0.47,4.48
2015-11-06,1,2,16.1,204.0,675.0,3.7,0.43,0.0,0.54,4.67
2015-11-05,1,2,14.9,200.0,711.0,3.38,0.43,0.0,0.51,4.32
2015-11-04,1,2,16.7,191.0,705.0,3.23,0.44,0.0,0.49,4.16
2015-11-03,1,2,15.4,202.0,696.0,3.46,0.38,0.0,0.53,4.37
2015-11-02,1,2,17.1,202.0,724.0,3.22,0.43,0.0,0.49,4.14
2015-11-01,1,2,17.1,206.0,727.0,3.65,0.37,0.0,0.47,4.49
2015-10-31,1,2,15.9,193.0,694.0,3.69,0.38,0.0,0.49,4.56
2015-10-30,1,2,16.5,196.0,733.0,3.28,0.42,0.0,0.45,4.15
2015-10-29,1,2,15.6,197.0,686.0,3.77,0.43,0.0,0.47,4.67
2015-10-28,1,2,16.0,183.0,706.0,3.3,0.41,0.0,0.48,4.19
2015-10-27,1,2,14.6,198.0,726.0,3.35,0.38,0.0,0.47,4.2
2015-10-26,1,2,16.5,201.0,718.0,3.23,0.37,0.0,0.48,4.08
2015-10-25,1,2,16.3,192.0,708.0,3.35,0.36,0.0,0.47,4.18
2015-10-24,1,2,15.0,201.0,675.0,3.81,0.38,0.0,0.49,4.68
2015-10-23,1,2,14.6,187.0,713.0,3.31,0.4,0.0,0.5,4.21
2015-10-22,1,2,15.7,189.0,723.0,3.28,0.42,0.0,0.55,4.25
2015-10-21,1,2,16.1,192.0,733.0,3.55,0.37,0.0,0.5,4.42
2015-10-20,1,2,15.4,184.0,734.0,3.62,0.42,0.0,0.49,4.53
2015-10-19,1,2,15.5,195.0,669.0,3.25,0.43,0.0,0.52,4.2
2015-10-18,1,2,16.6,189.0,698.0,3.24,0.42,0.0,0.52,4.18
2015-10-17,1,2,15.0,196.0,673.0,3.37,0.44,0.0,0.5,4.31
2015-10-15,1,2,15.1,204.0,735.0,3.19,0.37,0.0,0.54,4.1
2015-10-14,1,2,17.5,195.0,683.0,3.75,0.41,0.0,0.5,4.66
2015-10-13,1,2,15.9,186.0,685.0,3.27,0.42,0.0,0.54,4.23
2015-10-12,1,2,16.9,195.0,676.0,3.64,0.4,0.0,0.53,4.57
2015-10-11,1,2,16.8,204.0,674.0,3.28,0.39,0.0,0.48,4.15
2015-10-10,1,2,15.3,206.0,717.0,3.68,0.39,0.0,0.48,4.55
2015-10-09,1,2,16.9,195.0,676.0,3.64,0.4,0.0,0.53,4.57
2015-10-08,1,2,15.5,185.0,699.0,3.35,0.37,0.0,0.47,4.19
2015-10-07,1,2,16.1,206.0,717.0,3.26,0.43,0.0,0.53,4.22
2015-10-06,1,2,14.8,204.0,714.0,3.82,0.37,0.0,0.5,4.69
2015-10-05,1,2,16.7,190.0,733.0,3.67,0.36,0.0,0.49,4.52
2015-10-04,1,2,17.6,185.0,731.0,3.64,0.42,0.0,0.51,4.57
2015-10-03,1,2,15.2,198.0,690.0,3.32,0.39,0.0,0.51,4.22
2015-10-02,1,2,14.7,203.0,678.0,3.27,0.39,0.0,0.47,4.13
2015-10-01,1,2,17.0,198.0,683.0,3.63,0.42,0.0,0.5,4.55
2015-09-30,1,2,15.6,191.0,719.0,3.73,0.42,0.0,0.47,4.62
2015-09-29,1,2,16.0,191.0,715.0,3.6,0.41,0.0,0.48,4.49
2015-09-28,1,2,16.1,189.0,727.0,3.68,0.39,0.0,0.48,4.55
2015-09-27,1,2,14.7,189.0,730.0,3.25,0.43,0.0,0.51,4.19
2015-09-26,1,2,16.6,192.0,712.0,3.76,0.41,0.0,0.5,4.67
2015-09-25,1,2,15.5,194.0,679.0,3.21,0.36,0.0,0.46,4.03
2015-09-24,1,2,17.1,201.0,725.0,3.34,0.38,0.0,0.54,4.26
2015-09-23,1,2,15.5,199.0,665.0,3.16,0.4,0.0,0.48,4.04
2015-09-22,1,2,14.9,195.0,708.0,3.65,0.41,0.0,0.52,4.58
2015-09-21,1,2,15.8,199.0,668.0,3.56,0.36,0.0,0.52,4.44
2015-09-20,1,2,16.0,194.0,676.0,3.2,0.4,0.0,0.53,4.13
2015-09-19,1,2,17.5,195.0,683.0,3.75,0.41,0.0,0.5,4.66
2015-09-18,1,2,16.4,187.0,706.0,3.62,0.42,0.0,0.48,4.52
2015-09-17,1,2,15.3,199.0,707.0,3.26,0.43,0.0,0.53,4.22
2015-09-16,1,2,16.8,202.0,703.0,3.85,0.43,0.0,0.55,4.83
2015-09-15,1,2,15.7,187.0,716.0,3.29,0.4,0.0,0.48,4.17
2015-09-14,1,2,16.8,186.0,712.0,3.45,0.43,0.0,0.55,4.43
2015-09-13,1,2,14.7,185.0,734.0,3.22,0.43,0.0,0.49,4.14
2015-09-12,1,2,14.5,187.0,673.0,3.31,0.38,0.0,0.48,4.17
2015-09-11,1,2,15.8,192.0,729.0,3.84,0.4,0.0,0.46,4.7
2015-09-10,1,2,14.6,189.0,684.0,3.56,0.39,0.0,0.49,4.44
2015-09-09,1,2,16.6,186.0,692.0,3.38,0.44,0.0,0.51,4.33
2015-09-08,1,2,14.6,187.0,713.0,3.31,0.4,0.0,0.5,4.21
2015-09-07,1,2,15.5,198.0,676.0,3.23,0.37,0.0,0.48,4.08
2015-09-06,1,2,15.4,184.0,734.0,3.62,0.42,0.0,0.49,4.53
2015-09-05,1,2,16.7,188.0,691.0,3.53,0.4,0.0,0.46,4.39
2015-09-04,1,2,17.0,194.0,669.0,3.81,0.43,0.0,0.51,4.75
2015-09-03,1,2,14.5,206.0,734.0,3.77,0.38,0.0,0.54,4.69
2015-09-02,1,2,15.8,185.0,720.0,3.54,0.4,0.0,0.46,4.4
2015-09-01,1,2,16.4,184.0,692.0,3.8,0.43,0.0,0.5,4.73
2015-08-31,1,2,16.5,185.0,710.0,3.16,0.42,0.0,0.47,4.05
2015-08-30,1,2,14.9,195.0,707.0,3.53,0.38,0.0,0.47,4.38
2015-08-29,1,2,16.3,205.0,685.0,3.24,0.37,0.0,0.49,4.1
2015-08-28,1,2,14.5,190.0,673.0,3.49,0.42,0.0,0.49,4.4
2015-08-27,1,2,14.8,188.0,723.0,3.42,0.38,0.0,0.49,4.29
2015-08-26,1,2,16.5,186.0,709.0,3.74,0.39,0.0,0.51,4.64
2015-08-25,1,2,15.8,185.0,720.0,3.54,0.4,0.0,0.46,4.4
2015-08-24,1,2,16.0,195.0,712.0,3.63,0.42,0.0,0.51,4.56
2015-08-23,1,2,16.4,195.0,697.0,3.55,0.4,0.0,0.48,4.43
2015-08-22,1,2,14.6,183.0,705.0,3.3,0.39,0.0,0.47,4.16
2015-08-21,1,2,16.7,189.0,680.0,3.46,0.43,0.0,0.46,4.35
2015-08-20,1,2,15.7,188.0,688.0,3.55,0.4,0.0,0.47,4.42
2015-08-19,1,2,17.5,170.0,601.0,3.54,0.4,0.0,0.46,4.4
2015-08-18,1,2,14.7,161.0,614.0,3.56,0.4,0.0,0.48,4.44
2015-08-17,1,2,15.0,161.0,571.0,3.63,0.39,0.0,0.52,4.54
2015-08-16,1,2,14.4,168.0,619.0,3.45,0.43,0.0,0.55,4.43
2015-08-15,1,2,17.0,179.0,578.0,3.56,0.39,0.0,0.49,4.44
2015-08-14,1,2,17.1,170.0,593.0,3.56,0.37,0.0,0.48,4.41
2015-08-13,1,2,14.4,160.0,575.0,3.59,0.43,0.0,0.46,4.48
2015-08-12,1,2,15.6,167.0,616.0,3.73,0.42,0.0,0.47,4.62
2015-08-11,1,2,16.4,173.0,609.0,3.24,0.43,0.0,0.51,4.18
2015-08-10,1,2,16.9,176.0,588.0,3.36,0.36,0.0,0.48,4.2
2015-08-09,1,2,16.9,174.0,628.0,3.59,0.39,0.0,0.54,4.52
2015-08-08,1,2,16.9,174.0,628.0,3.59,0.39,0.0,0.54,4.52
2015-08-07,1,2,16.0,178.0,584.0,3.53,0.4,0.0,0.45,4.38
2015-08-06,1,2,14.7,177.0,596.0,3.76,0.38,0.0,0.53,4.67
2015-08-05,1,2,17.0,179.0,578.0,3.56,0.39,0.0,0.49,4.44
2015-08-04,1,2,16.7,170.0,600.0,3.84,0.4,0.0,0.45,4.69
2015-08-03,1,2,16.6,167.0,625.0,3.54,0.4,0.0,0.47,4.41
2015-08-02,1,2,14.8,172.0,599.0,3.83,0.43,0.0,0.5,4.76
2015-08-01,1,2,15.5,166.0,586.0,3.3,0.4,0.0,0.49,4.19
2017-07-31,1,2,6.77,313.0,874.0,4.49,0.45,0.0,0.5,5.44
2017-07-30,1,2,7.55,337.0,901.0,4.88,0.41,0.0,0.5,5.79
2017-07-13,1,2,7.3,327.0,913.0,4.97,0.45,0.0,0.55,5.97
2017-07-12,1,2,7.41,319.0,866.0,4.97,0.41,0.0,0.52,5.9
2017-07-11,1,2,7.03,333.0,888.0,4.92,0.47,0.0,0.55,5.94
2017-07-10,1,2,6.8,305.0,871.0,4.85,0.43,0.0,0.51,5.79
2017-07-09,1,2,6.47,300.0,864.0,4.49,0.41,0.0,0.48,5.38
2017-07-08,1,2,7.3,312.0,859.0,4.94,0.47,0.0,0.46,5.87
2017-07-07,1,2,7.61,322.0,893.0,4.48,0.41,0.0,0.47,5.36
2017-07-06,1,2,7.13,308.0,919.0,4.75,0.41,0.0,0.5,5.66
2017-07-05,1,2,6.47,309.0,913.0,4.89,0.41,0.0,0.5,5.8
2017-07-04,1,2,7.07,308.0,855.0,5.13,0.46,0.0,0.48,6.07
2017-07-03,1,2,7.28,317.0,887.0,5.25,0.44,0.0,0.49,6.18
2017-07-02,1,2,6.56,310.0,848.0,4.98,0.45,0.0,0.45,5.88
2017-07-01,1,2,6.75,321.0,856.0,4.42,0.49,0.0,0.52,5.43
2017-06-30,1,2,6.75,312.0,896.0,4.99,0.48,0.0,0.51,5.98
2017-06-29,1,2,6.61,327.0,856.0,4.47,0.41,0.0,0.46,5.34
2017-06-28,1,2,6.37,323.0,875.0,4.37,0.48,0.0,0.54,5.39
2017-06-27,1,2,6.35,325.0,851.0,4.66,0.44,0.0,0.49,5.59
2017-06-26,1,2,7.24,326.0,870.0,5.04,0.46,0.0,0.51,6.01
2017-06-25,1,2,7.14,320.0,911.0,5.01,0.49,0.0,0.48,5.98
2017-06-24,1,2,6.69,328.0,890.0,4.96,0.47,0.0,0.51,5.94
2017-06-23,1,2,7.55,317.0,904.0,4.67,0.43,0.0,0.5,5.6
2017-06-22,1,2,7.18,331.0,836.0,4.63,0.49,0.0,0.52,5.64
2017-06-21,1,2,6.61,337.0,902.0,5.16,0.42,0.0,0.45,6.03
2017-06-20,1,2,6.69,328.0,890.0,4.96,0.47,0.0,0.51,5.94
2017-06-19,1,2,7.16,318.0,847.0,4.72,0.43,0.0,0.53,5.68
2017-06-18,1,2,6.91,331.0,894.0,4.77,0.49,0.0,0.49,5.75
2017-06-17,1,2,6.84,337.0,853.0,4.78,0.49,0.0,0.5,5.77
2017-06-16,1,2,6.75,325.0,894.0,5.14,0.43,0.0,0.53,6.1
2017-06-15,1,2,6.94,309.0,914.0,5.16,0.42,0.0,0.46,6.04
2017-06-14,1,2,7.37,300.0,880.0,4.68,0.44,0.0,0.5,5.62
2017-06-13,1,2,6.43,320.0,877.0,5.17,0.44,0.0,0.45,6.06
2017-06-12,1,2,7.26,329.0,907.0,5.1,0.46,0.0,0.48,6.04
2017-06-11,1,2,7.59,307.0,848.0,4.85,0.45,0.0,0.47,5.77
2017-06-10,1,2,7.04,304.0,844.0,4.65,0.48,0.0,0.54,5.67
2017-06-09,1,2,7.48,311.0,852.0,5.23,0.42,0.0,0.51,6.16
2017-06-08,1,2,7.54,325.0,885.0,4.6,0.46,0.0,0.52,5.58
2017-06-07,1,2,6.75,316.0,846.0,4.91,0.47,0.0,0.47,5.85
2017-06-06,1,2,6.74,330.0,912.0,4.88,0.42,0.0,0.52,5.82
2017-05-30,1,2,6.73,303.0,857.0,5.17,0.46,0.0,0.54,6.17
2017-05-29,1,2,6.69,328.0,890.0,4.96,0.47,0.0,0.51,5.94
2017-05-28,1,2,6.84,320.0,913.0,4.62,0.49,0.0,0.52,5.63
2017-05-27,1,2,7.26,334.0,836.0,4.84,0.45,0.0,0.47,5.76
2017-05-26,1,2,6.41,305.0,923.0,4.91,0.47,0.0,0.47,5.85
2017-05-25,1,2,7.47,302.0,893.0,5.0,0.46,0.0,0.55,6.01
2017-05-24,1,2,7.33,314.0,900.0,4.86,0.41,0.0,0.51,5.78
2017-05-23,1,2,6.69,313.0,913.0,4.99,0.43,0.0,0.46,5.88
2017-05-22,1,2,7.26,308.0,847.0,5.26,0.45,0.0,0.47,6.18
2017-05-21,1,2,7.57,306.0,870.0,4.55,0.44,0.0,0.53,5.52
2017-05-20,1,2,6.82,337.0,876.0,4.49,0.47,0.0,0.46,5.42
2017-05-19,1,2,6.67,310.0,883.0,4.51,0.47,0.0,0.48,5.46
2017-05-18,1,2,7.36,324.0,837.0,4.58,0.43,0.0,0.47,5.48
2017-05-17,1,2,7.33,311.0,848.0,4.67,0.46,0.0,0.47,5.6
2017-05-16,1,2,7.55,332.0,881.0,4.64,0.47,0.0,0.54,5.65
2017-05-15,1,2,6.69,337.0,849.0,5.19,0.43,0.0,0.47,6.09
2017-05-14,1,2,7.22,321.0,868.0,4.64,0.47,0.0,0.54,5.65
2017-05-13,1,2,6.69,337.0,849.0,5.19,0.43,0.0,0.47,6.09
2017-05-12,1,2,6.46,325.0,886.0,5.15,0.46,0.0,0.52,6.13
2017-05-11,1,2,6.69,337.0,849.0,5.19,0.43,0.0,0.47,6.09
2017-05-10,1,2,7.14,320.0,911.0,5.01,0.49,0.0,0.48,5.98
2017-05-09,1,2,6.36,315.0,905.0,5.02,0.43,0.0,0.54,5.99
2017-05-08,1,2,7.47,307.0,912.0,4.92,0.41,0.0,0.49,5.82
2017-05-07,1,2,7.39,313.0,869.0,4.43,0.46,0.0,0.53,5.42
2017-05-06,1,2,7.15,314.0,909.0,5.07,0.41,0.0,0.53,6.01
2017-05-05,1,2,7.42,309.0,910.0,4.59,0.47,0.0,0.46,5.52
2017-05-04,1,2,7.46,337.0,865.0,4.86,0.49,0.0,0.48,5.83
2017-05-03,1,2,6.85,317.0,861.0,4.44,0.45,0.0,0.48,5.37
2017-05-02,1,2,7.39,333.0,868.0,4.34,0.43,0.0,0.45,5.22
2017-05-01,1,2,7.64,311.0,855.0,4.81,0.46,0.0,0.47,5.74
2017-04-30,1,2,7.18,304.0,851.0,4.74,0.48,0.0,0.54,5.76
2017-04-29,1,2,6.82,322.0,900.0,4.68,0.47,0.0,0.47,5.62
2017-04-28,1,2,6.93,325.0,882.0,5.23,0.44,0.0,0.49,6.16
2017-04-27,1,2,7.46,326.0,842.0,5.15,0.45,0.0,0.49,6.09
2017-04-26,1,2,6.73,329.0,848.0,5.09,0.45,0.0,0.55,6.09
2017-04-25,1,2,7.12,317.0,891.0,5.09,0.49,0.0,0.45,6.03
2017-04-24,1,2,7.08,332.0,881.0,4.69,0.45,0.0,0.49,5.63
2017-04-23,1,2,7.09,307.0,896.0,4.46,0.48,0.0,0.51,5.45
2017-04-22,1,2,6.97,336.0,882.0,4.41,0.43,0.0,0.51,5.35
2017-04-21,1,2,6.86,338.0,920.0,5.08,0.41,0.0,0.54,6.03
2017-04-20,1,2,7.21,316.0,843.0,5.15,0.49,0.0,0.5,6.14
2017-04-19,1,2,7.66,330.0,846.0,4.81,0.44,0.0,0.49,5.74
2017-04-18,1,2,7.54,301.0,864.0,5.07,0.45,0.0,0.53,6.05
2017-04-17,1,2,7.11,325.0,873.0,5.02,0.44,0.0,0.48,5.94
2017-04-16,1,2,7.66,330.0,846.0,4.81,0.44,0.0,0.49,5.74
2017-04-15,1,2,6.8,332.0,866.0,4.66,0.48,0.0,0.48,5.62
2017-04-14,1,2,6.78,322.0,911.0,4.95,0.48,0.0,0.46,5.89
2017-04-13,1,2,6.81,311.0,882.0,4.7,0.44,0.0,0.47,5.61
2017-04-12,1,2,6.44,319.0,884.0,4.58,0.42,0.0,0.5,5.5
2017-04-11,1,2,6.91,325.0,896.0,4.55,0.42,0.0,0.54,5.51
2017-04-10,1,2,6.6,321.0,857.0,4.88,0.44,0.0,0.5,5.82
2017-04-09,1,2,7.34,301.0,886.0,5.23,0.44,0.0,0.48,6.15
2017-04-08,1,2,7.68,322.0,857.0,4.49,0.49,0.0,0.55,5.53
2017-04-07,1,2,7.7,322.0,924.0,4.79,0.41,0.0,0.49,5.69
2017-04-06,1,2,6.62,302.0,848.0,4.56,0.44,0.0,0.48,5.48
2017-04-05,1,2,6.38,325.0,841.0,4.41,0.45,0.0,0.48,5.34
2017-04-04,1,2,7.67,320.0,885.0,4.4,0.42,0.0,0.5,5.32
2017-04-03,1,2,6.99,313.0,837.0,5.01,0.48,0.0,0.5,5.99
2017-04-02,1,2,6.37,316.0,882.0,5.15,0.49,0.0,0.52,6.16
2017-04-01,1,2,6.82,303.0,896.0,4.9,0.46,0.0,0.47,5.83
2017-03-31,1,2,7.69,301.0,870.0,5.0,0.41,0.0,0.48,5.89
2017-03-30,1,2,6.99,313.0,837.0,5.01,0.48,0.0,0.5,5.99
2017-03-29,1,2,6.64,315.0,920.0,5.22,0.45,0.0,0.51,6.18
2017-03-28,1,2,6.82,303.0,896.0,4.9,0.46,0.0,0.47,5.83
2017-03-27,1,2,7.69,301.0,870.0,5.0,0.41,0.0,0.48,5.89
2017-03-26,1,2,6.99,313.0,837.0,5.01,0.48,0.0,0.5,5.99
2017-03-25,1,2,6.6,321.0,863.0,4.93,0.45,0.0,0.5,5.88
2017-03-24,1,2,7.2,337.0,924.0,4.37,0.49,0.0,0.46,5.32
2017-03-23,1,2,7.25,307.0,853.0,5.14,0.42,0.0,0.52,6.08
2017-03-22,1,2,6.62,300.0,865.0,4.54,0.49,0.0,0.47,5.5
2017-03-21,1,2,6.34,321.0,916.0,5.19,0.48,0.0,0.52,6.19
2017-03-20,1,2,6.87,318.0,919.0,5.14,0.41,0.0,0.54,6.09
2017-03-19,1,2,7.62,331.0,848.0,5.15,0.49,0.0,0.49,6.13
2017-03-18,1,2,6.4,336.0,861.0,4.73,0.48,0.0,0.49,5.7
2017-03-17,1,2,6.93,330.0,898.0,4.96,0.41,0.0,0.51,5.88
2017-03-16,1,2,7.35,301.0,892.0,4.47,0.47,0.0,0.47,5.41
2017-03-15,1,2,6.43,330.0,915.0,4.52,0.44,0.0,0.53,5.49
2017-03-14,1,2,6.65,312.0,860.0,4.65,0.41,0.0,0.45,5.51
2017-03-13,1,2,6.79,315.0,917.0,4.43,0.41,0.0,0.53,5.37
2017-03-12,1,2,6.56,327.0,889.0,4.42,0.49,0.0,0.53,5.44
2017-03-11,1,2,6.47,320.0,859.0,4.69,0.47,0.0,0.51,5.67
2017-03-10,1,2,7.22,319.0,895.0,4.53,0.47,0.0,0.52,5.52
2017-03-09,1,2,6.38,325.0,841.0,4.41,0.45,0.0,0.48,5.34
2017-03-08,1,2,7.07,331.0,902.0,4.38,0.42,0.0,0.48,5.28
2017-03-07,1,2,7.17,325.0,921.0,4.83,0.48,0.0,0.47,5.78
2017-03-06,1,2,7.33,326.0,902.0,4.56,0.41,0.0,0.48,5.45
2017-03-05,1,2,7.55,330.0,907.0,4.53,0.47,0.0,0.52,5.52
2017-03-04,1,2,7.35,327.0,880.0,4.85,0.43,0.0,0.52,5.8
2017-03-03,1,2,7.03,334.0,875.0,4.5,0.48,0.0,0.49,5.47
2017-03-02,1,2,7.42,333.0,844.0,4.46,0.48,0.0,0.46,5.4
2017-03-01,1,2,7.67,320.0,885.0,4.4,0.42,0.0,0.5,5.32
2017-02-28,1,2,6.37,316.0,882.0,5.15,0.49,0.0,0.52,6.16
2017-02-27,1,2,6.49,333.0,848.0,4.44,0.48,0.0,0.54,5.46
2017-02-26,1,2,6.33,332.0,867.0,4.71,0.46,0.0,0.53,5.7
2017-02-25,1,2,7.63,309.0,882.0,4.55,0.43,0.0,0.46,5.44
2017-02-24,1,2,6.66,304.0,879.0,4.72,0.46,0.0,0.53,5.71
2017-02-23,1,2,6.56,327.0,889.0,4.42,0.49,0.0,0.53,5.44
2017-02-22,1,2,6.82,335.0,901.0,5.18,0.43,0.0,0.49,6.1
2017-02-21,1,2,7.48,309.0,878.0,4.96,0.47,0.0,0.53,5.96
2017-02-20,1,2,6.35,332.0,844.0,5.01,0.47,0.0,0.47,5.95
2017-02-19,1,2,7.14,325.0,853.0,4.37,0.43,0.0,0.47,5.27
2017-02-18,1,2,7.47,317.0,859.0,4.89,0.42,0.0,0.45,5.76
2017-02-17,1,2,7.26,320.0,850.0,5.12,0.41,0.0,0.49,6.02
2017-02-16,1,2,7.35,327.0,880.0,4.85,0.43,0.0,0.52,5.8
2017-02-15,1,2,6.48,302.0,918.0,4.37,0.43,0.0,0.47,5.27
2017-02-14,1,2,7.45,326.0,840.0,4.82,0.45,0.0,0.48,5.75
2017-02-13,1,2,6.8,331.0,871.0,4.69,0.47,0.0,0.51,5.67
2017-02-12,1,2,6.48,302.0,918.0,4.37,0.43,0.0,0.47,5.27
2017-02-11,1,2,7.02,328.0,880.0,4.46,0.47,0.0,0.47,5.4
2017-02-10,1,2,6.37,304.0,870.0,4.57,0.45,0.0,0.46,5.48
2017-02-09,1,2,6.55,308.0,882.0,4.94,0.48,0.0,0.51,5.93
2017-02-08,1,2,7.45,326.0,840.0,4.82,0.45,0.0,0.48,5.75
2017-02-07,1,2,7.57,333.0,848.0,5.01,0.44,0.0,0.5,5.95
2017-02-06,1,2,6.35,332.0,844.0,5.01,0.47,0.0,0.47,5.95
2017-02-05,1,2,7.49,306.0,914.0,4.77,0.43,0.0,0.49,5.69
2017-02-04,1,2,7.62,324.0,859.0,4.52,0.48,0.0,0.51,5.51
2017-02-03,1,2,7.27,324.0,880.0,4.64,0.47,0.0,0.47,5.58
2017-02-02,1,2,7.03,320.0,899.0,4.53,0.44,0.0,0.55,5.52
2017-02-01,1,2,6.84,323.0,868.0,5.06,0.44,0.0,0.52,6.02
2017-01-31,1,2,6.69,335.0,875.0,5.08,0.44,0.0,0.55,6.07
2017-01-30,1,2,6.47,320.0,859.0,4.69,0.47,0.0,0.51,5.67
2017-01-29,1,2,7.05,330.0,924.0,5.05,0.41,0.0,0.55,6.01
2017-01-28,1,2,6.55,308.0,882.0,4.94,0.48,0.0,0.51,5.93
2017-01-27,1,2,6.68,329.0,880.0,5.04,0.43,0.0,0.52,5.99
2017-01-26,1,2,7.4,323.0,907.0,4.9,0.41,0.0,0.46,5.77
2017-01-25,1,2,6.83,317.0,872.0,5.02,0.44,0.0,0.5,5.96
2017-01-24,1,2,7.3,334.0,906.0,5.16,0.44,0.0,0.47,6.07
2017-01-23,1,2,7.57,333.0,848.0,5.01,0.44,0.0,0.5,5.95
2017-01-22,1,2,7.09,310.0,909.0,5.0,0.47,0.0,0.46,5.93
2017-01-21,1,2,6.71,327.0,893.0,4.98,0.45,0.0,0.47,5.9
2017-01-20,1,2,7.49,301.0,896.0,5.03,0.44,0.0,0.51,5.98
2017-01-19,1,2,7.53,332.0,893.0,4.42,0.41,0.0,0.52,5.35
2017-01-18,1,2,6.47,323.0,912.0,4.88,0.42,0.0,0.55,5.85
2017-01-17,1,2,6.94,322.0,916.0,4.86,0.43,0.0,0.53,5.82
2017-01-16,1,2,7.18,326.0,903.0,4.85,0.42,0.0,0.5,5.77
2017-01-15,1,2,7.48,336.0,866.0,4.54,0.47,0.0,0.53,5.54
2017-01-14,1,2,7.14,303.0,883.0,4.7,0.47,0.0,0.51,5.68
2017-01-13,1,2,6.36,324.0,862.0,4.91,0.48,0.0,0.49,5.88
2017-01-12,1,2,7.21,322.0,854.0,4.85,0.48,0.0,0.48,5.81
2017-01-11,1,2,7.02,337.0,844.0,4.58,0.49,0.0,0.48,5.55
2017-01-10,1,2,6.38,301.0,899.0,5.13,0.44,0.0,0.46,6.03
2017-01-09,1,2,6.87,328.0,881.0,4.76,0.48,0.0,0.49,5.73
2017-01-08,1,2,7.1,323.0,903.0,4.63,0.45,0.0,0.55,5.63
2017-01-07,1,2,6.32,338.0,877.0,5.21,0.49,0.0,0.45,6.15
2017-01-06,1,2,6.55,308.0,887.0,4.82,0.44,0.0,0.46,5.72
2017-01-05,1,2,7.7,322.0,846.0,4.88,0.41,0.0,0.53,5.82
2017-01-04,1,2,7.24,311.0,896.0,4.61,0.46,0.0,0.53,5.6
2017-01-03,1,2,7.18,326.0,903.0,4.85,0.42,0.0,0.5,5.77
2017-01-02,1,2,7.21,313.0,893.0,4.44,0.46,0.0,0.49,5.39
2017-01-01,1,2,6.65,328.0,918.0,4.4,0.49,0.0,0.54,5.43
2016-12-31,1,2,7.51,334.0,873.0,4.43,0.48,0.0,0.47,5.38
2016-12-30,1,2,7.52,314.0,880.0,4.88,0.49,0.0,0.49,5.86
2016-12-29,1,2,6.75,305.0,908.0,4.53,0.42,0.0,0.48,5.43
2016-12-28,1,2,7.02,302.0,886.0,4.99,0.42,0.0,0.52,5.93
2016-12-27,1,2,7.28,309.0,898.0,4.78,0.46,0.0,0.47,5.71
2016-12-26,1,2,7.4,326.0,865.0,5.2,0.49,0.0,0.55,6.24
2016-12-25,1,2,6.83,314.0,913.0,4.55,0.49,0.0,0.46,5.5
2016-12-24,1,2,7.03,317.0,851.0,5.03,0.5,0.0,0.51,6.04
2016-12-23,1,2,7.39,317.0,906.0,4.98,0.44,0.0,0.49,5.91
2016-12-22,1,2,6.75,320.0,873.0,4.56,0.49,0.0,0.47,5.52
2016-12-21,1,2,6.79,318.0,875.0,4.73,0.49,0.0,0.51,5.73
2016-12-20,1,2,6.95,302.0,839.0,5.2,0.49,0.0,0.5,6.19
2016-12-19,1,2,6.52,328.0,892.0,5.1,0.45,0.0,0.54,6.09
2016-12-18,1,2,7.13,309.0,894.0,5.19,0.41,0.0,0.54,6.14
2016-12-17,1,2,6.58,337.0,919.0,4.83,0.42,0.0,0.48,5.73
2016-12-16,1,2,6.35,303.0,897.0,4.95,0.44,0.0,0.52,5.91
2016-12-15,1,2,7.55,303.0,924.0,4.83,0.44,0.0,0.47,5.74
2016-12-14,1,2,6.43,327.0,867.0,5.01,0.41,0.0,0.49,5.91
2016-12-13,1,2,7.01,325.0,921.0,4.96,0.44,0.0,0.53,5.93
2016-12-12,1,2,6.47,332.0,876.0,4.99,0.43,0.0,0.46,5.88
2016-12-11,1,2,6.8,304.0,888.0,4.99,0.43,0.0,0.46,5.88
2016-12-10,1,2,6.54,335.0,875.0,5.21,0.48,0.0,0.51,6.2
2016-12-09,1,2,6.54,320.0,910.0,5.17,0.41,0.0,0.52,6.1
2016-12-08,1,2,6.76,315.0,846.0,5.23,0.45,0.0,0.51,6.19
2016-11-29,1,2,6.45,325.0,892.0,4.89,0.49,0.0,0.49,5.87
2016-11-28,1,2,7.6,338.0,851.0,4.94,0.45,0.0,0.46,5.85
2016-11-27,1,2,6.72,322.0,870.0,4.39,0.49,0.0,0.53,5.41
2016-11-26,1,2,6.66,325.0,854.0,5.24,0.47,0.0,0.54,6.25
2016-11-25,1,2,6.8,307.0,841.0,4.45,0.46,0.0,0.49,5.4
2016-11-24,1,2,6.67,305.0,861.0,4.73,0.48,0.0,0.46,5.67
2016-11-23,1,2,6.77,315.0,844.0,5.05,0.48,0.0,0.48,6.01
2016-11-22,1,2,7.17,308.0,896.0,4.39,0.41,0.0,0.48,5.28
2016-11-21,1,2,7.02,323.0,853.0,4.97,0.48,0.0,0.45,5.9
2016-11-20,1,2,6.82,321.0,915.0,4.49,0.48,0.0,0.51,5.48
2016-11-19,1,2,6.67,321.0,911.0,4.9,0.43,0.0,0.48,5.81
2016-11-18,1,2,6.82,321.0,915.0,4.49,0.48,0.0,0.51,5.48
2016-11-17,1,2,6.55,306.0,908.0,4.83,0.48,0.0,0.49,5.8
2016-11-07,1,2,7.07,334.0,856.0,4.82,0.47,0.0,0.49,5.78
2016-11-06,1,2,6.73,335.0,856.0,4.43,0.42,0.0,0.54,5.39
2016-11-05,1,2,7.44,308.0,913.0,4.61,0.45,0.0,0.52,5.58
2016-11-04,1,2,6.35,301.0,918.0,4.96,0.48,0.0,0.55,5.99
2016-11-03,1,2,6.48,336.0,892.0,5.04,0.48,0.0,0.51,6.03
2016-11-02,1,2,7.6,309.0,894.0,4.33,0.47,0.0,0.54,5.34
2016-11-01,1,2,6.67,321.0,911.0,4.9,0.43,0.0,0.48,5.81
2016-10-31,1,2,7.38,309.0,854.0,4.71,0.41,0.0,0.49,5.61
2016-10-30,1,2,7.58,308.0,917.0,5.0,0.45,0.0,0.5,5.95
2016-10-29,1,2,7.27,322.0,907.0,4.53,0.47,0.0,0.55,5.55
2016-10-28,1,2,6.9,333.0,874.0,4.93,0.49,0.0,0.52,5.94
2016-10-27,1,2,6.74,308.0,868.0,5.01,0.47,0.0,0.5,5.98
2016-10-26,1,2,6.56,304.0,855.0,4.47,0.48,0.0,0.5,5.45
2016-10-25,1,2,6.77,325.0,888.0,4.44,0.49,0.0,0.46,5.39
2016-10-24,1,2,6.6,338.0,882.0,4.52,0.47,0.0,0.54,5.53
2016-10-23,1,2,7.57,317.0,898.0,4.94,0.49,0.0,0.53,5.96
2016-10-22,1,2,7.03,306.0,913.0,4.81,0.49,0.0,0.47,5.77
2016-10-21,1,2,7.02,311.0,842.0,4.55,0.48,0.0,0.46,5.49
2016-10-20,1,2,6.7,304.0,860.0,5.03,0.45,0.0,0.53,6.01
2016-10-19,1,2,7.02,311.0,842.0,4.55,0.48,0.0,0.46,5.49
2016-10-18,1,2,7.22,314.0,867.0,4.86,0.44,0.0,0.55,5.85
2016-10-17,1,2,7.69,307.0,877.0,4.97,0.48,0.0,0.46,5.91
2016-10-16,1,1,6.69,339.0,918.0,4.55,0.48,0.0,0.45,5.48
2016-10-14,1,2,7.11,330.0,883.0,4.87,0.45,0.0,0.54,5.86
2016-10-13,1,2,6.69,339.0,918.0,4.55,0.48,0.0,0.45,5.48
2016-10-12,1,2,6.67,321.0,911.0,4.9,0.43,0.0,0.48,5.81
2016-10-11,1,2,7.0,322.0,875.0,4.67,0.47,0.0,0.52,5.66
2016-10-10,1,2,6.9,333.0,875.0,5.1,0.44,0.0,0.48,6.02
2016-10-09,1,2,7.36,334.0,865.0,4.97,0.48,0.0,0.46,5.91
2016-10-08,1,2,7.17,306.0,917.0,4.4,0.45,0.0,0.5,5.35
2016-10-07,1,2,7.57,317.0,898.0,4.94,0.49,0.0,0.53,5.96
2016-10-06,1,2,6.89,315.0,867.0,4.48,0.48,0.0,0.5,5.46
2016-10-05,1,2,7.11,330.0,883.0,4.87,0.45,0.0,0.54,5.86
2016-10-04,1,2,6.85,325.0,924.0,4.47,0.41,0.0,0.48,5.36
2016-10-03,1,2,7.11,318.0,871.0,5.25,0.41,0.0,0.48,6.14
2016-10-02,1,2,7.36,322.0,854.0,4.56,0.48,0.0,0.46,5.5
2016-10-01,1,2,6.9,333.0,874.0,4.93,0.49,0.0,0.52,5.94
2016-09-30,1,2,7.69,307.0,877.0,4.97,0.48,0.0,0.46,5.91
2016-09-29,2,1,6.69,339.0,918.0,4.55,0.48,0.0,0.45,5.48
2016-09-28,1,2,6.67,321.0,911.0,4.9,0.43,0.0,0.48,5.81
2016-09-27,1,2,6.69,339.0,918.0,4.55,0.48,0.0,0.45,5.48
2016-09-26,1,2,6.81,302.0,909.0,5.0,0.47,0.0,0.49,5.96
2016-09-25,1,2,7.33,324.0,840.0,4.45,0.42,0.0,0.46,5.33
2016-09-24,1,2,7.32,315.0,881.0,5.19,0.46,0.0,0.5,6.15
2016-09-23,1,2,7.57,317.0,899.0,5.1,0.44,0.0,0.48,6.02
2016-09-22,1,2,6.57,322.0,863.0,5.09,0.45,0.0,0.47,6.01
2016-09-21,1,2,6.64,316.0,903.0,5.08,0.45,0.0,0.46,5.99
2016-09-20,1,2,6.34,309.0,899.0,4.89,0.43,0.0,0.47,5.79
2016-09-19,1,2,6.94,320.0,853.0,4.75,0.43,0.0,0.5,5.68
2016-09-18,1,2,6.37,319.0,924.0,4.45,0.49,0.0,0.47,5.41
2016-09-17,1,2,7.36,334.0,865.0,4.97,0.48,0.0,0.46,5.91
2016-09-16,1,2,7.02,323.0,853.0,4.97,0.48,0.0,0.45,5.9
2016-09-15,1,2,7.3,308.0,908.0,5.02,0.48,0.0,0.49,5.99
2016-09-14,1,2,7.21,322.0,849.0,4.96,0.43,0.0,0.53,5.92
2016-09-13,1,2,7.66,326.0,893.0,5.19,0.46,0.0,0.5,6.15
2016-09-12,1,2,5.96,321.0,812.0,5.18,0.5,0.0,0.46,6.14
2016-09-11,1,2,5.6,320.0,803.0,4.34,0.47,0.0,0.54,5.35
2016-09-10,1,2,5.72,332.0,818.0,4.51,0.47,0.0,0.53,5.51
2016-09-09,1,2,5.54,326.0,689.0,3.62,0.46,0.0,0.45,4.53
2016-09-08,1,2,5.56,310.0,718.0,3.74,0.48,0.0,0.51,4.73
2016-09-07,1,2,5.57,301.0,733.0,3.8,0.44,0.0,0.48,4.72
2016-09-06,1,2,5.87,304.0,687.0,3.85,0.41,0.0,0.46,4.72
2016-09-05,1,2,6.56,302.0,691.0,4.3,0.41,0.0,0.55,5.26
2016-09-04,1,2,5.47,320.0,717.0,3.95,0.41,0.0,0.51,4.87
2016-09-03,1,2,5.97,321.0,732.0,4.21,0.44,0.0,0.54,5.19
2016-09-02,1,2,5.88,322.0,693.0,4.23,0.42,0.0,0.48,5.13
2016-09-01,1,2,6.49,317.0,714.0,4.11,0.49,0.0,0.53,5.13
2016-08-31,1,2,6.1,313.0,679.0,3.78,0.41,0.0,0.5,4.69
2016-08-30,1,2,5.63,322.0,686.0,4.24,0.45,0.0,0.47,5.16
2016-08-29,1,2,6.43,335.0,692.0,3.8,0.44,0.0,0.49,4.73
2016-08-28,1,2,5.92,318.0,714.0,4.27,0.49,0.0,0.53,5.29
2016-08-27,1,2,5.9,332.0,713.0,3.86,0.48,0.0,0.48,4.82
2016-08-26,1,2,5.62,316.0,690.0,4.21,0.44,0.0,0.55,5.2
2016-08-25,1,2,6.02,320.0,712.0,4.03,0.44,0.0,0.52,4.99
2016-08-24,1,2,6.1,338.0,682.0,4.08,0.42,0.0,0.53,5.03
2016-08-23,1,2,6.09,305.0,696.0,3.87,0.41,0.0,0.52,4.8
2016-08-22,1,2,5.9,314.0,702.0,4.37,0.49,0.0,0.54,5.4
2016-08-21,1,2,5.64,325.0,722.0,3.68,0.42,0.0,0.49,4.59
2016-08-20,1,2,5.95,334.0,672.0,3.77,0.48,0.0,0.49,4.74
2016-08-19,1,2,5.82,324.0,701.0,3.78,0.42,0.0,0.54,4.74
2016-08-18,1,2,5.43,326.0,680.0,4.05,0.43,0.0,0.49,4.97
2016-08-17,1,2,6.2,317.0,727.0,3.63,0.45,0.0,0.51,4.59
2016-08-16,1,2,5.93,333.0,689.0,4.19,0.42,0.0,0.49,5.1
2016-08-15,1,2,6.45,332.0,714.0,4.39,0.47,0.0,0.47,5.33
2016-08-14,1,2,6.11,321.0,730.0,3.95,0.42,0.0,0.55,4.92
2016-08-13,1,2,5.57,336.0,703.0,4.14,0.45,0.0,0.53,5.12
2016-08-12,1,2,6.42,303.0,689.0,4.39,0.49,0.0,0.45,5.33
2016-08-11,1,2,6.22,327.0,676.0,4.06,0.43,0.0,0.51,5.0
2016-08-10,1,2,5.88,326.0,729.0,4.35,0.45,0.0,0.51,5.31
2016-08-09,1,2,6.35,336.0,718.0,3.91,0.44,0.0,0.51,4.86
2016-08-08,1,2,6.2,305.0,717.0,3.95,0.41,0.0,0.46,4.82
2016-08-07,1,2,6.0,310.0,699.0,4.05,0.43,0.0,0.5,4.98
2016-08-06,1,2,5.64,301.0,704.0,3.66,0.46,0.0,0.53,4.65
2016-08-05,1,2,6.25,325.0,687.0,4.15,0.49,0.0,0.51,5.15
2016-08-04,1,2,5.56,306.0,688.0,4.08,0.49,0.0,0.55,5.12
2016-08-03,1,2,6.52,329.0,600.0,4.12,0.48,0.0,0.0,4.6
2016-08-02,1,2,5.62,312.0,626.0,3.75,0.45,0.0,0.0,4.2
2016-08-01,1,2,6.43,322.0,595.0,3.96,0.49,0.0,0.0,4.45
2018-07-31,1,2,7.27,326.0,849.0,4.86,0.41,0.0,0.54,5.81
2018-07-30,1,2,6.48,307.0,851.0,4.95,0.46,0.0,0.53,5.94
2018-07-13,1,2,6.78,314.0,855.0,5.14,0.48,0.0,0.52,6.14
2018-07-12,1,2,7.31,316.0,881.0,5.04,0.43,0.0,0.52,5.99
2018-07-11,1,2,7.43,318.0,872.0,4.52,0.42,0.0,0.55,5.49
2018-07-10,1,2,6.76,334.0,848.0,4.52,0.43,0.0,0.54,5.49
2018-07-09,1,2,6.58,333.0,888.0,4.33,0.44,0.0,0.54,5.31
2018-07-08,1,2,6.72,321.0,880.0,5.27,0.44,0.0,0.51,6.22
2018-07-07,1,2,7.59,334.0,919.0,4.38,0.44,0.0,0.47,5.29
2018-07-06,1,2,7.68,305.0,913.0,4.47,0.46,0.0,0.49,5.42
2018-07-05,1,2,6.49,326.0,857.0,4.43,0.47,0.0,0.45,5.35
2018-07-04,1,2,7.16,330.0,853.0,5.25,0.47,0.0,0.47,6.19
2018-07-03,1,2,6.97,307.0,923.0,4.42,0.43,0.0,0.51,5.36
2018-07-02,1,2,7.21,338.0,892.0,4.91,0.41,0.0,0.47,5.79
2018-07-01,1,2,7.69,311.0,909.0,4.51,0.46,0.0,0.51,5.48
2018-06-30,1,2,7.04,301.0,874.0,4.41,0.43,0.0,0.5,5.34
2018-06-29,1,2,6.54,319.0,921.0,5.26,0.41,0.0,0.46,6.13
2018-06-28,1,2,7.29,315.0,904.0,4.74,0.42,0.0,0.48,5.64
2018-06-27,1,2,6.92,314.0,859.0,4.56,0.49,0.0,0.5,5.55
2018-06-26,1,2,6.77,305.0,895.0,4.74,0.48,0.0,0.5,5.72
2018-06-25,1,2,7.5,317.0,846.0,5.25,0.41,0.0,0.46,6.12
2018-06-24,1,2,7.51,309.0,860.0,4.32,0.47,0.0,0.5,5.29
2018-06-23,1,2,6.31,324.0,898.0,4.42,0.43,0.0,0.5,5.35
2018-06-22,1,2,7.29,339.0,838.0,4.77,0.47,0.0,0.53,5.77
2018-06-21,1,2,6.54,331.0,844.0,4.71,0.41,0.0,0.46,5.58
2018-06-20,1,2,6.79,306.0,874.0,5.2,0.44,0.0,0.5,6.14
2018-06-19,1,2,7.11,322.0,903.0,4.78,0.48,0.0,0.53,5.79
2018-06-18,1,2,7.01,339.0,919.0,4.79,0.41,0.0,0.52,5.72
2018-06-17,1,2,6.66,306.0,847.0,4.94,0.49,0.0,0.5,5.93
2018-06-16,1,2,6.53,315.0,890.0,4.61,0.49,0.0,0.53,5.63
2018-06-15,1,2,6.85,329.0,866.0,4.8,0.44,0.0,0.47,5.71
2018-06-14,1,2,7.66,319.0,912.0,5.11,0.49,0.0,0.49,6.09
2018-06-13,1,2,6.41,322.0,858.0,5.18,0.41,0.0,0.5,6.09
2018-06-12,1,2,7.52,313.0,890.0,4.8,0.44,0.0,0.48,5.72
2018-06-11,1,2,6.34,325.0,854.0,5.01,0.46,0.0,0.48,5.95
2018-06-10,1,2,7.14,306.0,851.0,4.92,0.41,0.0,0.48,5.81
2018-06-09,1,2,6.93,311.0,895.0,4.37,0.44,0.0,0.46,5.27
2018-06-08,1,2,6.88,303.0,856.0,4.71,0.41,0.0,0.46,5.58
2018-06-07,1,2,6.57,302.0,869.0,5.23,0.47,0.0,0.46,6.16
2018-06-06,1,2,7.04,328.0,862.0,4.79,0.48,0.0,0.54,5.81
2018-05-30,1,2,6.48,316.0,899.0,5.17,0.42,0.0,0.49,6.08
2018-05-29,1,2,7.51,309.0,860.0,4.32,0.47,0.0,0.5,5.29
2018-05-28,1,2,6.9,328.0,858.0,5.2,0.42,0.0,0.51,6.13
2018-05-27,1,2,7.24,322.0,841.0,5.05,0.43,0.0,0.53,6.01
2018-05-26,1,2,7.55,305.0,886.0,5.17,0.42,0.0,0.49,6.08
2018-05-25,1,2,6.36,326.0,920.0,4.34,0.47,0.0,0.51,5.32
2018-05-24,1,2,7.29,327.0,915.0,5.15,0.42,0.0,0.48,6.05
2018-05-23,1,2,6.6,321.0,854.0,5.18,0.45,0.0,0.47,6.1
2018-05-22,1,2,6.48,316.0,899.0,5.17,0.42,0.0,0.49,6.08
2018-05-21,1,2,7.28,309.0,908.0,4.7,0.41,0.0,0.45,5.56
2018-05-20,1,2,7.09,324.0,889.0,4.84,0.46,0.0,0.49,5.79
2018-05-19,1,2,7.23,312.0,882.0,4.82,0.47,0.0,0.46,5.75
2018-05-18,1,2,6.65,327.0,840.0,4.32,0.44,0.0,0.52,5.28
2018-05-17,1,2,7.09,324.0,889.0,4.84,0.46,0.0,0.49,5.79
2018-05-16,1,2,7.61,320.0,920.0,4.7,0.41,0.0,0.46,5.57
2018-05-15,1,2,6.86,329.0,867.0,4.97,0.49,0.0,0.53,5.99
2018-05-14,1,2,6.95,336.0,896.0,4.7,0.41,0.0,0.45,5.56
2018-05-13,1,2,7.14,318.0,864.0,4.54,0.45,0.0,0.54,5.53
2018-05-12,1,2,7.22,321.0,863.0,4.75,0.42,0.0,0.49,5.66
2018-05-11,1,2,6.71,317.0,850.0,4.79,0.48,0.0,0.54,5.81
2018-05-10,1,2,6.45,333.0,861.0,5.03,0.49,0.0,0.54,6.06
2018-05-09,1,2,6.74,300.0,888.0,4.93,0.41,0.0,0.49,5.83
2018-05-08,1,2,7.25,331.0,888.0,5.27,0.48,0.0,0.49,6.24
2018-05-07,1,2,7.28,309.0,908.0,4.7,0.41,0.0,0.45,5.56
2018-05-06,1,2,6.4,328.0,876.0,4.93,0.41,0.0,0.49,5.83
2018-05-05,1,2,6.55,311.0,850.0,5.16,0.42,0.0,0.48,6.06
2018-05-04,1,2,6.72,338.0,910.0,4.63,0.48,0.0,0.45,5.56
2018-05-03,1,2,7.28,309.0,908.0,4.7,0.41,0.0,0.45,5.56
2018-05-02,1,2,6.95,336.0,896.0,4.7,0.41,0.0,0.45,5.56
2018-05-01,1,2,6.35,335.0,901.0,5.23,0.42,0.0,0.54,6.19
2018-04-30,1,2,6.84,326.0,836.0,5.28,0.48,0.0,0.5,6.26
2018-04-29,1,2,6.39,307.0,905.0,5.08,0.49,0.0,0.47,6.04
2018-04-28,1,2,7.03,322.0,867.0,4.76,0.47,0.0,0.52,5.75
2018-04-27,1,2,7.67,310.0,842.0,5.18,0.45,0.0,0.47,6.1
2018-04-26,1,2,7.03,322.0,867.0,4.76,0.47,0.0,0.52,5.75
2018-04-25,1,2,7.58,303.0,901.0,5.28,0.48,0.0,0.49,6.25
2018-04-24,1,2,6.4,316.0,863.0,4.35,0.45,0.0,0.53,5.33
2018-04-23,1,2,6.49,323.0,894.0,5.21,0.42,0.0,0.52,6.15
2018-04-22,1,2,7.59,312.0,859.0,4.54,0.44,0.0,0.45,5.43
2018-04-21,1,2,7.34,311.0,841.0,4.62,0.45,0.0,0.47,5.54
2018-04-20,1,2,7.49,318.0,841.0,5.22,0.42,0.0,0.52,6.16
2018-04-19,1,2,6.39,336.0,857.0,4.86,0.44,0.0,0.51,5.81
2018-04-18,1,2,6.72,309.0,869.0,4.86,0.44,0.0,0.52,5.82
2018-04-17,1,2,6.45,321.0,850.0,4.62,0.49,0.0,0.54,5.65
2018-04-16,1,2,6.89,331.0,910.0,4.42,0.47,0.0,0.55,5.44
2018-04-15,1,2,6.74,310.0,847.0,5.16,0.45,0.0,0.45,6.06
2018-04-14,1,2,7.39,304.0,904.0,5.28,0.44,0.0,0.52,6.24
2018-04-13,1,2,6.65,327.0,840.0,4.32,0.44,0.0,0.52,5.28
2018-04-12,1,2,7.3,336.0,875.0,4.58,0.42,0.0,0.49,5.49
2018-04-11,1,2,6.55,311.0,850.0,5.16,0.42,0.0,0.48,6.06
2018-04-10,1,2,6.6,331.0,902.0,4.44,0.41,0.0,0.54,5.39
2018-04-09,1,2,6.99,338.0,852.0,4.32,0.44,0.0,0.53,5.29
2018-04-08,1,2,6.48,331.0,875.0,5.14,0.46,0.0,0.54,6.14
2018-04-07,1,2,6.55,301.0,891.0,4.93,0.46,0.0,0.52,5.91
2018-04-06,1,2,6.48,334.0,839.0,4.53,0.46,0.0,0.53,5.52
2018-04-05,1,2,7.68,319.0,890.0,4.44,0.41,0.0,0.53,5.38
2018-04-04,1,2,6.93,306.0,878.0,4.63,0.45,0.0,0.48,5.56
2018-04-03,1,2,7.18,307.0,896.0,4.55,0.43,0.0,0.46,5.44
2018-04-02,1,2,6.9,313.0,881.0,5.23,0.47,0.0,0.46,6.16
2018-04-01,1,2,7.69,323.0,920.0,4.92,0.46,0.0,0.51,5.89
2018-03-31,1,2,6.52,306.0,843.0,4.38,0.44,0.0,0.47,5.29
2018-03-30,1,2,7.17,310.0,859.0,4.73,0.48,0.0,0.5,5.71
2018-03-29,1,2,7.47,308.0,905.0,4.7,0.45,0.0,0.53,5.68
2018-03-28,1,2,7.08,321.0,859.0,5.16,0.45,0.0,0.46,6.07
2018-03-27,1,2,7.66,328.0,871.0,4.37,0.44,0.0,0.46,5.27
2018-03-26,1,2,6.53,336.0,861.0,4.45,0.49,0.0,0.55,5.49
2018-03-25,1,2,6.4,301.0,888.0,4.54,0.45,0.0,0.54,5.53
2018-03-24,1,2,7.28,309.0,908.0,4.7,0.41,0.0,0.45,5.56
2018-03-23,1,2,6.91,320.0,876.0,5.27,0.48,0.0,0.48,6.23
2018-03-22,1,2,7.56,326.0,858.0,5.01,0.42,0.0,0.51,5.94
2018-03-21,1,2,7.53,334.0,861.0,4.65,0.45,0.0,0.49,5.59
2018-03-20,1,2,6.51,314.0,913.0,5.28,0.48,0.0,0.49,6.25
2018-03-19,1,2,6.32,313.0,864.0,5.1,0.49,0.0,0.48,6.07
2018-03-18,1,2,7.14,330.0,875.0,4.95,0.46,0.0,0.54,5.95
2018-03-17,1,2,7.04,319.0,903.0,4.57,0.43,0.0,0.48,5.48
2018-03-16,1,2,6.51,314.0,913.0,5.28,0.48,0.0,0.49,6.25
2018-03-15,1,2,6.88,303.0,856.0,4.71,0.41,0.0,0.46,5.58
2018-03-14,1,2,6.96,304.0,892.0,4.74,0.42,0.0,0.48,5.64
2018-03-13,1,2,6.63,326.0,862.0,4.99,0.43,0.0,0.49,5.91
2018-03-12,1,2,6.43,311.0,913.0,5.06,0.42,0.0,0.54,6.02
2018-03-11,1,2,6.7,337.0,843.0,4.34,0.47,0.0,0.52,5.33
2018-03-10,1,2,7.11,325.0,867.0,5.14,0.48,0.0,0.52,6.14
2018-03-09,1,2,6.39,336.0,857.0,4.86,0.44,0.0,0.51,5.81
2018-03-08,1,2,7.32,310.0,864.0,4.33,0.44,0.0,0.53,5.3
2018-03-07,1,2,7.22,333.0,874.0,5.17,0.42,0.0,0.49,6.08
2018-03-06,1,2,7.46,337.0,856.0,5.27,0.45,0.0,0.51,6.23
2018-03-05,1,2,6.69,328.0,885.0,5.08,0.42,0.0,0.45,5.95
2018-03-04,1,2,7.33,329.0,871.0,4.95,0.49,0.0,0.51,5.95
2018-03-03,1,2,7.38,301.0,874.0,4.8,0.48,0.0,0.54,5.82
2018-03-02,1,2,6.7,337.0,843.0,4.34,0.47,0.0,0.52,5.33
2018-03-01,1,2,6.37,309.0,890.0,4.98,0.43,0.0,0.47,5.88
2018-02-28,1,2,6.58,333.0,888.0,4.33,0.44,0.0,0.54,5.31
2018-02-27,1,2,6.78,335.0,914.0,4.81,0.44,0.0,0.48,5.73
2018-02-26,1,2,6.62,322.0,921.0,4.51,0.46,0.0,0.51,5.48
2018-02-25,1,2,6.91,332.0,889.0,4.89,0.43,0.0,0.54,5.86
2018-02-24,1,2,6.88,336.0,839.0,5.13,0.46,0.0,0.53,6.12
2018-02-23,1,2,7.1,301.0,854.0,4.88,0.45,0.0,0.47,5.8
2018-02-22,1,2,7.66,335.0,867.0,5.22,0.42,0.0,0.5,6.14
2018-02-21,1,2,7.24,330.0,902.0,4.74,0.49,0.0,0.51,5.74
2018-02-20,1,2,6.53,328.0,887.0,4.42,0.44,0.0,0.55,5.41
2018-02-19,1,2,7.0,321.0,892.0,4.81,0.47,0.0,0.46,5.74
2018-02-18,1,2,7.71,306.0,878.0,4.49,0.41,0.0,0.45,5.35
2018-02-17,1,2,7.24,335.0,922.0,4.82,0.48,0.0,0.51,5.81
2018-02-16,1,2,6.72,316.0,862.0,5.05,0.43,0.0,0.54,6.02
2018-02-15,1,2,6.45,303.0,920.0,5.03,0.46,0.0,0.5,5.99
2018-02-14,1,2,6.45,331.0,897.0,4.53,0.47,0.0,0.46,5.46
2018-02-13,1,2,7.0,320.0,902.0,4.56,0.47,0.0,0.49,5.52
2018-02-12,1,2,6.46,336.0,903.0,4.49,0.43,0.0,0.47,5.39
2018-02-11,1,2,7.15,331.0,859.0,5.15,0.45,0.0,0.5,6.1
2018-02-10,1,2,6.62,318.0,884.0,5.09,0.43,0.0,0.51,6.03
2018-02-09,1,2,6.69,332.0,915.0,4.44,0.45,0.0,0.55,5.44
2018-02-08,1,2,6.79,309.0,919.0,5.01,0.48,0.0,0.52,6.01
2018-02-07,1,2,7.32,328.0,890.0,5.27,0.46,0.0,0.48,6.21
2018-02-06,1,2,6.35,331.0,857.0,4.47,0.47,0.0,0.52,5.46
2018-02-05,1,2,6.54,310.0,870.0,4.52,0.48,0.0,0.46,5.46
2018-02-04,1,2,7.17,303.0,873.0,4.45,0.47,0.0,0.5,5.42
2018-02-03,1,2,6.83,321.0,902.0,5.18,0.42,0.0,0.54,6.14
2018-02-02,1,2,6.48,301.0,842.0,4.79,0.42,0.0,0.52,5.73
2018-02-01,1,2,6.76,337.0,909.0,5.25,0.43,0.0,0.45,6.13
2018-01-31,1,2,6.74,303.0,848.0,4.77,0.44,0.0,0.54,5.75
2018-01-30,1,2,6.34,307.0,843.0,5.0,0.48,0.0,0.51,5.99
2018-01-29,1,2,7.24,312.0,879.0,4.47,0.46,0.0,0.48,5.41
2018-01-28,1,2,7.15,317.0,861.0,5.15,0.44,0.0,0.45,6.04
2018-01-27,1,2,7.01,338.0,915.0,5.23,0.44,0.0,0.48,6.15
2018-01-26,1,2,7.7,323.0,917.0,4.57,0.45,0.0,0.52,5.54
2018-01-25,1,2,7.62,337.0,858.0,4.68,0.44,0.0,0.51,5.63
2018-01-24,1,2,6.59,326.0,879.0,5.14,0.49,0.0,0.52,6.15
2018-01-23,1,2,7.22,302.0,853.0,4.91,0.48,0.0,0.48,5.87
2018-01-22,1,2,7.22,318.0,906.0,4.78,0.42,0.0,0.51,5.71
2018-01-21,1,2,6.9,315.0,854.0,5.17,0.43,0.0,0.53,6.13
2018-01-20,1,2,6.55,319.0,918.0,4.91,0.49,0.0,0.48,5.88
2018-01-19,1,2,7.7,308.0,864.0,4.7,0.42,0.0,0.49,5.61
2018-01-18,1,2,7.64,332.0,919.0,5.17,0.43,0.0,0.52,6.12
2018-01-17,1,2,7.22,311.0,901.0,5.14,0.44,0.0,0.54,6.12
2018-01-16,1,2,6.48,334.0,836.0,5.15,0.44,0.0,0.55,6.14
2018-01-15,1,2,6.5,335.0,903.0,4.48,0.45,0.0,0.49,5.42
2018-01-14,1,2,7.5,329.0,849.0,5.28,0.41,0.0,0.54,6.23
2018-01-13,1,2,7.09,309.0,921.0,4.46,0.47,0.0,0.51,5.44
2018-01-12,1,2,6.88,321.0,882.0,4.52,0.48,0.0,0.46,5.46
2018-01-11,1,2,7.41,335.0,920.0,5.0,0.48,0.0,0.51,5.99
2018-01-10,1,2,7.22,335.0,847.0,5.11,0.46,0.0,0.45,6.02
2018-01-09,1,2,6.69,304.0,868.0,5.27,0.42,0.0,0.47,6.16
2018-01-08,1,2,7.69,331.0,899.0,4.67,0.44,0.0,0.5,5.61
2018-01-07,1,2,7.21,332.0,894.0,4.52,0.48,0.0,0.46,5.46
2018-01-06,1,2,6.35,331.0,856.0,5.26,0.42,0.0,0.46,6.14
2018-01-05,1,2,7.54,304.0,906.0,4.52,0.48,0.0,0.47,5.47
2018-01-04,1,2,7.38,336.0,918.0,5.0,0.44,0.0,0.52,5.96
2018-01-03,1,2,7.34,319.0,909.0,4.37,0.43,0.0,0.46,5.26
2018-01-02,1,2,7.5,329.0,849.0,5.28,0.41,0.0,0.54,6.23
2018-01-01,1,2,7.43,320.0,844.0,5.26,0.42,0.0,0.46,6.14
2017-12-31,1,2,7.58,306.0,862.0,5.28,0.46,0.0,0.5,6.24
2017-12-30,1,2,7.62,314.0,911.0,4.55,0.47,0.0,0.55,5.57
2017-12-29,1,2,6.41,325.0,920.0,5.12,0.46,0.0,0.47,6.05
2017-12-28,1,2,6.74,303.0,848.0,4.77,0.44,0.0,0.54,5.75
2017-12-27,1,2,7.56,329.0,919.0,4.79,0.42,0.0,0.52,5.73
2017-12-26,1,2,6.57,326.0,901.0,4.85,0.48,0.0,0.49,5.82
2017-12-25,1,2,6.8,311.0,876.0,4.5,0.41,0.0,0.48,5.39
2017-12-24,1,2,6.37,332.0,922.0,4.59,0.44,0.0,0.5,5.53
2017-12-23,1,2,7.43,329.0,892.0,4.69,0.43,0.0,0.48,5.6
2017-12-22,1,2,6.62,304.0,911.0,4.67,0.44,0.0,0.5,5.61
2017-12-21,1,2,7.7,314.0,869.0,4.34,0.49,0.0,0.46,5.29
2017-12-20,1,2,6.82,306.0,848.0,4.98,0.49,0.0,0.49,5.96
2017-12-19,1,2,6.82,315.0,896.0,4.41,0.49,0.0,0.51,5.41
2017-12-18,1,2,6.42,316.0,850.0,5.19,0.42,0.0,0.55,6.16
2017-12-17,1,2,7.16,327.0,908.0,4.41,0.49,0.0,0.51,5.41
2017-12-16,1,2,7.06,317.0,924.0,4.89,0.45,0.0,0.54,5.88
2017-12-15,1,2,6.74,303.0,848.0,4.77,0.44,0.0,0.54,5.75
2017-12-14,1,2,7.43,314.0,839.0,4.65,0.44,0.0,0.49,5.58
2017-12-13,1,2,7.03,307.0,899.0,4.37,0.48,0.0,0.54,5.39
2017-12-12,1,2,6.89,300.0,889.0,5.14,0.44,0.0,0.54,6.12
2017-12-11,1,2,6.97,316.0,901.0,4.97,0.45,0.0,0.54,5.96
2017-12-10,1,2,7.09,333.0,867.0,5.22,0.44,0.0,0.47,6.13
2017-12-09,1,2,7.21,332.0,894.0,4.52,0.48,0.0,0.46,5.46
2017-12-08,1,2,7.16,309.0,879.0,5.05,0.45,0.0,0.47,5.97
2017-11-29,1,2,7.43,335.0,898.0,4.33,0.41,0.0,0.55,5.29
2017-11-28,1,2,6.85,337.0,845.0,4.55,0.42,0.0,0.46,5.43
2017-11-27,1,2,6.74,336.0,842.0,4.96,0.41,0.0,0.52,5.89
2017-11-26,1,2,6.56,301.0,888.0,4.58,0.45,0.0,0.54,5.57
2017-11-25,1,2,7.42,311.0,885.0,5.03,0.47,0.0,0.5,6.0
2017-11-24,1,2,7.28,326.0,845.0,4.51,0.49,0.0,0.45,5.45
2017-11-23,1,2,6.82,315.0,896.0,4.41,0.49,0.0,0.51,5.41
2017-11-22,1,2,6.67,312.0,849.0,5.2,0.46,0.0,0.49,6.15
2017-11-21,1,2,7.43,320.0,844.0,5.26,0.42,0.0,0.46,6.14
2017-11-20,2,1,6.67,318.0,855.0,5.01,0.48,0.0,0.52,6.01
2017-11-19,1,2,6.67,318.0,855.0,5.01,0.48,0.0,0.52,6.01
2017-11-18,1,2,6.91,328.0,848.0,4.63,0.45,0.0,0.46,5.54
2017-11-17,1,2,6.35,331.0,856.0,5.26,0.42,0.0,0.46,6.14
2017-11-07,1,2,7.02,338.0,916.0,4.44,0.48,0.0,0.54,5.46
2017-11-06,1,2,6.89,306.0,895.0,4.95,0.47,0.0,0.47,5.89
2017-11-05,1,2,7.28,326.0,846.0,4.68,0.44,0.0,0.51,5.63
2017-11-04,1,2,7.03,330.0,845.0,4.34,0.49,0.0,0.46,5.29
2017-11-03,1,2,6.75,306.0,891.0,4.39,0.41,0.0,0.53,5.33
2017-11-02,1,2,7.55,314.0,865.0,4.75,0.44,0.0,0.53,5.72
2017-11-01,1,2,7.64,338.0,924.0,4.81,0.41,0.0,0.49,5.71
2017-10-31,1,2,7.3,327.0,912.0,4.81,0.41,0.0,0.49,5.71
2017-10-30,1,2,7.54,304.0,906.0,4.52,0.48,0.0,0.47,5.47
2017-10-29,1,2,6.66,311.0,872.0,5.07,0.49,0.0,0.51,6.07
2017-10-28,1,2,6.98,307.0,919.0,5.04,0.42,0.0,0.52,5.98
2017-10-27,1,2,7.26,310.0,904.0,4.35,0.44,0.0,0.48,5.27
2017-10-26,1,2,7.49,338.0,920.0,4.42,0.49,0.0,0.52,5.43
2017-10-25,1,2,6.42,310.0,844.0,4.42,0.49,0.0,0.52,5.43
2017-10-24,1,2,7.32,328.0,890.0,5.27,0.46,0.0,0.48,6.21
2017-10-23,1,2,6.35,325.0,851.0,4.66,0.44,0.0,0.49,5.59
2017-10-22,1,2,6.89,300.0,889.0,5.14,0.44,0.0,0.54,6.12
2017-10-21,1,2,6.56,310.0,848.0,4.98,0.45,0.0,0.45,5.88
2017-10-20,1,2,6.35,325.0,851.0,4.66,0.44,0.0,0.49,5.59
2017-10-19,1,2,7.51,312.0,909.0,5.13,0.41,0.0,0.45,5.99
2017-10-18,1,2,6.75,306.0,891.0,4.39,0.41,0.0,0.53,5.33
2017-10-17,1,2,7.6,336.0,880.0,5.18,0.47,0.0,0.52,6.17
2017-10-16,1,2,7.49,329.0,872.0,4.99,0.49,0.0,0.5,5.98
2017-10-14,1,2,6.74,303.0,848.0,4.77,0.44,0.0,0.54,5.75
2017-10-13,1,2,6.68,327.0,903.0,5.23,0.44,0.0,0.48,6.15
2017-10-12,1,2,6.55,319.0,917.0,4.74,0.44,0.0,0.52,5.7
2017-10-11,1,2,7.1,318.0,880.0,4.69,0.43,0.0,0.47,5.59
2017-10-10,1,2,7.6,330.0,875.0,4.58,0.49,0.0,0.55,5.62
2017-10-09,1,2,7.43,320.0,844.0,5.26,0.42,0.0,0.46,6.14
2017-10-08,1,2,7.62,337.0,858.0,4.68,0.44,0.0,0.51,5.63
2017-10-07,1,2,6.88,330.0,841.0,4.75,0.44,0.0,0.52,5.71
2017-10-06,1,2,6.42,310.0,844.0,4.42,0.49,0.0,0.52,5.43
2017-10-05,1,2,6.62,319.0,875.0,4.54,0.47,0.0,0.54,5.55
2017-10-04,1,2,7.58,306.0,862.0,5.28,0.46,0.0,0.5,6.24
2017-10-03,1,2,7.11,333.0,845.0,4.72,0.41,0.0,0.46,5.59
2017-10-02,1,2,7.51,306.0,904.0,4.52,0.43,0.0,0.48,5.43
2017-10-01,1,2,7.36,320.0,887.0,4.67,0.44,0.0,0.5,5.61
2017-09-30,1,2,6.88,321.0,882.0,4.52,0.48,0.0,0.46,5.46
2017-09-29,1,2,6.74,303.0,848.0,4.77,0.44,0.0,0.54,5.75
2017-09-28,1,2,6.48,325.0,877.0,4.75,0.44,0.0,0.53,5.72
2017-09-27,1,2,7.02,338.0,916.0,4.44,0.48,0.0,0.54,5.46
2017-09-26,1,2,6.75,306.0,891.0,4.39,0.41,0.0,0.53,5.33
2017-09-25,1,2,6.34,307.0,843.0,5.0,0.48,0.0,0.51,5.99
2017-09-24,1,2,7.69,337.0,904.0,5.27,0.42,0.0,0.47,6.16
2017-09-23,1,2,7.21,332.0,894.0,4.52,0.48,0.0,0.46,5.46
2017-09-22,1,2,7.41,319.0,866.0,4.97,0.41,0.0,0.52,5.9
2017-09-21,1,2,6.4,315.0,871.0,4.73,0.45,0.0,0.45,5.63
2017-09-20,1,2,6.41,325.0,919.0,4.96,0.41,0.0,0.51,5.88
2017-09-19,1,2,7.42,305.0,879.0,5.23,0.44,0.0,0.47,6.14
2017-09-18,1,2,7.61,322.0,893.0,4.65,0.46,0.0,0.52,5.63
2017-09-17,1,2,6.47,315.0,918.0,4.53,0.48,0.0,0.47,5.48
2017-09-16,1,2,6.81,321.0,836.0,4.89,0.41,0.0,0.5,5.8
2017-09-15,1,2,6.69,319.0,922.0,4.34,0.49,0.0,0.45,5.28
2017-09-14,1,2,7.07,338.0,895.0,4.74,0.45,0.0,0.46,5.65
2017-09-13,1,2,6.57,320.0,896.0,5.2,0.41,0.0,0.51,6.12
2017-09-12,1,2,6.99,322.0,884.0,4.91,0.44,0.0,0.45,5.8
2017-09-11,1,2,7.04,322.0,864.0,4.41,0.46,0.0,0.53,5.4
2017-09-10,1,2,7.49,338.0,920.0,4.42,0.49,0.0,0.52,5.43
2017-09-09,1,2,7.27,334.0,916.0,4.61,0.47,0.0,0.53,5.61
2017-09-08,1,2,6.41,301.0,884.0,4.99,0.49,0.0,0.5,5.98
2017-09-07,1,2,6.54,304.0,864.0,4.87,0.41,0.0,0.49,5.77
2017-09-06,1,2,6.8,305.0,871.0,4.85,0.43,0.0,0.51,5.79
2017-09-05,1,2,7.35,305.0,922.0,4.63,0.46,0.0,0.51,5.6
2017-09-04,1,2,6.54,304.0,864.0,4.87,0.41,0.0,0.49,5.77
2017-09-03,1,2,7.41,319.0,867.0,5.13,0.45,0.0,0.48,6.06
2017-09-02,1,2,7.09,326.0,862.0,4.62,0.46,0.0,0.5,5.58
2017-09-01,1,2,7.69,337.0,904.0,5.27,0.42,0.0,0.47,6.16
2017-08-31,1,2,6.95,315.0,922.0,4.51,0.49,0.0,0.45,5.45
2017-08-30,1,2,7.48,313.0,908.0,5.12,0.46,0.0,0.47,6.05
2017-08-29,1,2,7.67,330.0,921.0,5.17,0.47,0.0,0.51,6.15
2017-08-28,1,2,7.55,337.0,901.0,4.88,0.41,0.0,0.5,5.79
2017-08-27,1,2,7.41,311.0,890.0,4.75,0.48,0.0,0.49,5.72
2017-08-26,1,2,7.07,302.0,849.0,4.36,0.43,0.0,0.55,5.34
2017-08-25,1,2,6.53,318.0,851.0,4.45,0.43,0.0,0.48,5.36
2017-08-24,1,2,7.48,313.0,908.0,5.12,0.46,0.0,0.47,6.05
2017-08-23,1,2,7.3,306.0,853.0,5.13,0.45,0.0,0.53,6.11
2017-08-22,1,2,6.56,301.0,888.0,4.58,0.45,0.0,0.54,5.57
2017-08-21,1,2,7.1,318.0,880.0,4.69,0.43,0.0,0.47,5.59
2017-08-20,1,2,6.67,312.0,849.0,5.2,0.46,0.0,0.49,6.15
2017-08-19,1,2,6.94,338.0,868.0,4.47,0.41,0.0,0.46,5.34
2017-08-18,1,2,6.75,327.0,861.0,5.03,0.47,0.0,0.49,5.99
2017-08-17,1,2,7.22,335.0,847.0,5.11,0.46,0.0,0.45,6.02
2017-08-16,1,2,7.45,321.0,911.0,4.76,0.48,0.0,0.45,5.69
2017-08-15,1,2,7.26,304.0,898.0,4.54,0.42,0.0,0.46,5.42
2017-08-14,1,2,7.69,331.0,898.0,4.5,0.49,0.0,0.55,5.54
2017-08-13,1,2,6.57,320.0,896.0,5.2,0.41,0.0,0.51,6.12
2017-08-12,1,2,6.88,315.0,876.0,4.71,0.46,0.0,0.53,5.7
2017-08-11,1,2,6.41,325.0,919.0,4.96,0.41,0.0,0.51,5.88
2017-08-10,1,2,6.94,338.0,869.0,4.64,0.46,0.0,0.52,5.62
2017-08-09,1,2,6.75,321.0,856.0,4.42,0.49,0.0,0.52,5.43
2017-08-08,1,2,7.52,327.0,874.0,5.16,0.49,0.0,0.54,6.19
2017-08-07,1,2,6.54,333.0,898.0,4.43,0.49,0.0,0.46,5.38
2017-08-06,1,2,6.75,321.0,856.0,4.42,0.49,0.0,0.52,5.43
2017-08-05,1,2,6.87,306.0,917.0,4.48,0.41,0.0,0.47,5.36
2017-08-04,1,2,6.54,310.0,870.0,4.52,0.48,0.0,0.46,5.46
2017-08-03,1,2,7.07,332.0,889.0,4.93,0.43,0.0,0.53,5.89
2017-08-02,1,2,7.55,337.0,901.0,4.88,0.41,0.0,0.5,5.79
2017-08-01,1,2,7.67,330.0,921.0,5.17,0.47,0.0,0.51,6.15
