time,equ_status,equ_status_1,H2_volume,CO_volume,CO2_volume,CH4_volume,C2H4_volume,C2H2_volume,C2H6_volume,total_hydrocarbons
2017-07-31,1,2,14.2,570.0,6218.0,18.1,0.87,0.0,4.82,23.79
2017-07-30,1,2,12.4,549.0,6319.0,16.1,0.85,0.0,4.95,21.9
2017-07-29,1,2,13.5,575.0,6238.0,18.0,0.77,0.0,4.13,22.9
2017-07-28,1,2,13.1,574.0,6006.0,15.6,0.78,0.0,4.85,21.23
2017-07-27,1,2,13.3,569.0,6338.0,17.7,0.73,0.0,4.48,22.91
2017-07-26,1,2,12.0,547.0,5949.0,15.4,0.73,0.0,4.57,20.7
2017-07-25,1,2,12.0,518.0,6369.0,17.7,0.85,0.0,4.88,23.43
2017-07-24,1,2,11.8,526.0,5914.0,17.9,0.82,0.0,4.32,23.04
2017-07-23,1,2,12.7,520.0,5984.0,18.5,0.78,0.0,4.16,23.44
2017-07-22,1,2,12.0,564.0,6391.0,16.1,0.85,0.0,4.95,21.9
2017-07-21,1,2,12.2,558.0,6176.0,16.8,0.75,0.0,4.1,21.65
2017-07-20,1,2,12.5,519.0,5879.0,18.5,0.79,0.0,4.17,23.46
2017-07-19,1,2,12.7,556.0,5943.0,16.4,0.72,0.0,4.12,21.24
2017-07-18,1,2,12.8,530.0,5957.0,17.0,0.84,0.0,4.31,22.15
2017-07-17,1,2,12.7,552.0,6115.0,16.0,0.86,0.0,4.15,21.01
2017-07-16,1,2,13.8,557.0,6131.0,15.5,0.81,0.0,4.34,20.65
2017-07-15,1,2,11.9,562.0,5994.0,17.6,0.83,0.0,4.88,23.31
2017-07-14,1,2,12.9,521.0,6201.0,16.2,0.78,0.0,4.31,21.29
2017-07-13,1,2,13.8,518.0,6216.0,16.6,0.81,0.0,4.22,21.63
2017-07-12,1,2,12.5,535.0,6353.0,16.0,0.73,0.0,4.85,21.58
2017-07-11,1,2,13.6,581.0,6394.0,16.1,0.82,0.0,4.08,21.0
2017-07-10,1,2,11.7,519.0,5859.0,17.5,0.73,0.0,4.77,23.0
2017-07-09,1,2,13.4,534.0,6310.0,17.8,0.84,0.0,4.08,22.72
2017-07-08,1,2,12.2,557.0,6363.0,18.1,0.74,0.0,4.63,23.47
2017-07-07,1,2,13.0,574.0,6171.0,18.0,0.79,0.0,4.28,23.07
2017-07-06,1,2,12.4,518.0,6289.0,18.6,0.78,0.0,4.11,23.49
2017-07-05,1,2,13.2,549.0,5967.0,18.2,0.73,0.0,4.87,23.8
2017-07-04,1,2,13.0,524.0,6347.0,16.5,0.74,0.0,4.26,21.5
2017-07-03,1,2,11.8,561.0,6377.0,18.1,0.76,0.0,4.12,22.98
2017-07-02,1,2,12.3,570.0,6095.0,16.1,0.83,0.0,4.65,21.58
2017-07-01,1,2,13.3,570.0,6294.0,16.4,0.75,0.0,4.07,21.22
2017-06-30,1,2,14.3,521.0,5810.0,15.6,0.84,0.0,4.77,21.21
2017-06-29,1,2,13.3,555.0,5963.0,15.6,0.82,0.0,4.42,20.84
2017-06-28,1,2,12.0,575.0,6311.0,16.6,0.74,0.0,4.94,22.28
2017-06-27,1,2,12.0,564.0,6391.0,16.1,0.85,0.0,4.95,21.9
2017-06-26,1,2,13.5,582.0,5889.0,16.0,0.86,0.0,4.81,21.67
2017-06-25,1,2,12.9,538.0,5894.0,16.9,0.76,0.0,4.33,21.99
2017-06-24,1,2,13.2,536.0,5942.0,16.1,0.85,0.0,4.1,21.05
2017-06-23,1,2,14.1,561.0,6346.0,16.2,0.83,0.0,4.73,21.76
2017-06-22,1,2,11.7,565.0,6205.0,18.6,0.78,0.0,4.09,23.47
2017-06-21,1,2,12.5,570.0,6126.0,18.1,0.76,0.0,4.95,23.81
2017-06-20,1,2,11.8,526.0,5807.0,16.3,0.77,0.0,4.32,21.39
2017-06-19,1,2,12.9,559.0,5978.0,15.6,0.84,0.0,4.82,21.26
2017-06-18,1,2,13.0,533.0,5928.0,18.2,0.76,0.0,4.17,23.13
2017-06-17,1,2,12.1,554.0,6056.0,16.1,0.86,0.0,4.86,21.82
2017-06-16,1,2,12.9,524.0,6024.0,17.2,0.85,0.0,4.11,22.16
2017-06-15,1,2,12.0,551.0,6366.0,17.4,0.81,0.0,4.18,22.39
2017-06-14,1,2,13.3,527.0,6361.0,17.8,0.83,0.0,4.19,22.82
2017-06-13,1,2,13.8,574.0,6339.0,16.3,0.78,0.0,4.3,21.38
2017-06-12,1,2,13.1,548.0,6122.0,17.2,0.87,0.0,4.53,22.6
2017-06-11,1,2,13.4,527.0,6069.0,17.1,0.88,0.0,4.34,22.32
2017-06-10,1,2,12.4,534.0,6003.0,16.0,0.87,0.0,4.67,21.54
2017-06-09,1,2,12.9,573.0,5848.0,15.3,0.74,0.0,4.13,20.17
2017-06-08,1,2,12.7,536.0,5880.0,15.6,0.82,0.0,4.4,20.82
2017-06-07,1,2,13.2,535.0,6097.0,18.5,0.83,0.0,4.66,23.99
2017-06-06,1,2,14.2,522.0,5948.0,17.3,0.82,0.0,4.06,22.18
2017-06-05,1,2,12.3,566.0,6267.0,15.7,0.81,0.0,4.69,21.2
2017-06-04,1,2,12.0,567.0,6081.0,18.2,0.74,0.0,4.73,23.67
2017-06-03,1,2,12.7,536.0,5880.0,15.6,0.82,0.0,4.4,20.82
2017-06-02,1,2,12.1,532.0,6127.0,16.4,0.75,0.0,4.93,22.08
2017-06-01,1,2,12.5,530.0,5883.0,18.2,0.73,0.0,4.85,23.78
2017-05-31,1,2,12.1,528.0,6299.0,15.9,0.73,0.0,4.06,20.69
2017-05-30,1,2,13.8,526.0,5962.0,17.3,0.83,0.0,4.45,22.58
2017-05-29,1,2,11.8,538.0,6310.0,16.7,0.84,0.0,4.91,22.45
2017-05-17,1,2,13.2,535.0,6102.0,17.9,0.78,0.0,4.82,23.5
2017-05-16,1,2,13.1,565.0,5809.0,17.3,0.76,0.0,4.95,23.01
2017-05-11,1,2,12.5,572.0,6083.0,16.8,0.79,0.0,4.55,22.14
2017-05-10,1,2,13.9,539.0,6130.0,16.8,0.77,0.0,4.21,21.78
2017-05-09,1,2,11.9,540.0,6017.0,17.1,0.8,0.0,4.38,22.28
2017-05-08,1,2,13.5,541.0,6268.0,17.9,0.87,0.0,4.64,23.41
2017-05-07,1,2,12.7,536.0,5874.0,18.4,0.75,0.0,4.8,23.95
2017-05-06,1,2,13.9,530.0,6130.0,15.4,0.81,0.0,4.26,20.47
2017-05-05,1,2,12.5,556.0,6394.0,17.8,0.8,0.0,4.37,22.97
2017-05-04,1,1,13.1,568.0,6349.0,15.9,0.81,0.0,4.24,20.95
2017-05-03,1,1,13.1,568.0,6349.0,15.9,0.81,0.0,4.24,20.95
2017-05-02,2,1,13.1,568.0,6349.0,15.9,0.81,0.0,4.24,20.95
2017-05-01,1,2,12.6,532.0,6334.0,18.1,0.76,0.0,4.18,23.04
2017-04-30,1,2,11.7,554.0,6259.0,17.4,0.76,0.0,4.08,22.24
2017-04-29,1,2,13.3,582.0,6304.0,15.6,0.81,0.0,4.92,21.33
2017-04-28,1,2,13.0,544.0,5959.0,16.3,0.8,0.0,4.31,21.41
2017-04-27,1,2,13.2,577.0,6121.0,18.0,0.85,0.0,4.27,23.12
2017-04-26,1,2,13.7,538.0,5967.0,15.9,0.81,0.0,4.79,21.5
2017-04-25,1,2,13.9,545.0,6371.0,17.5,0.73,0.0,4.86,23.09
2017-04-24,1,2,13.5,559.0,5833.0,15.8,0.77,0.0,4.79,21.36
2017-04-23,1,2,13.3,556.0,5947.0,16.1,0.79,0.0,4.39,21.28
2017-04-22,1,2,12.5,536.0,6161.0,18.5,0.78,0.0,4.15,23.43
2017-04-21,1,2,12.4,580.0,5855.0,15.9,0.75,0.0,4.25,20.9
2017-04-20,1,2,13.2,551.0,6359.0,17.3,0.8,0.0,4.78,22.88
2017-04-19,1,2,12.2,562.0,5988.0,16.6,0.83,0.0,4.71,22.14
2017-04-18,1,2,13.3,530.0,6206.0,17.8,0.73,0.0,4.19,22.72
2017-04-17,1,2,14.1,566.0,6030.0,15.4,0.87,0.0,4.23,20.5
2017-04-16,1,2,13.1,575.0,5894.0,16.8,0.82,0.0,4.35,21.97
2017-04-15,1,2,11.8,574.0,6264.0,17.4,0.86,0.0,4.37,22.63
2017-04-14,1,2,12.2,544.0,6343.0,16.6,0.78,0.0,4.36,21.74
2017-04-13,1,2,12.2,562.0,5988.0,16.6,0.83,0.0,4.71,22.14
2017-04-12,1,2,11.9,576.0,5976.0,18.4,0.73,0.0,4.35,23.48
2017-04-11,1,2,13.4,542.0,5939.0,16.9,0.78,0.0,4.55,22.23
2017-04-10,1,2,11.8,580.0,5952.0,16.1,0.85,0.0,4.94,21.89
2017-04-09,1,2,13.8,559.0,5987.0,16.6,0.86,0.0,4.45,21.91
2017-04-08,1,2,13.8,567.0,6030.0,18.1,0.83,0.0,4.46,23.39
2017-04-07,1,2,13.3,525.0,6400.0,16.3,0.86,0.0,4.43,21.59
2017-04-06,1,2,13.6,557.0,6381.0,16.0,0.75,0.0,4.13,20.88
2017-04-05,1,2,12.3,553.0,6306.0,18.4,0.8,0.0,4.75,23.95
2017-04-04,1,2,12.8,577.0,6355.0,17.2,0.8,0.0,4.93,22.93
2017-04-03,1,2,11.9,537.0,6220.0,18.0,0.83,0.0,4.95,23.78
2017-04-02,1,2,12.3,582.0,5907.0,17.3,0.87,0.0,4.31,22.48
2017-04-01,1,2,13.5,538.0,5882.0,17.1,0.84,0.0,4.66,22.6
2017-03-31,1,2,11.7,551.0,6394.0,16.2,0.84,0.0,4.21,21.25
2017-03-30,1,2,12.4,551.0,6302.0,16.6,0.81,0.0,4.92,22.33
2017-03-29,1,2,12.7,555.0,6039.0,16.8,0.78,0.0,4.92,22.5
2017-03-28,1,2,13.1,554.0,6400.0,17.5,0.76,0.0,4.74,23.0
2017-03-27,1,2,13.5,565.0,6095.0,17.7,0.75,0.0,4.4,22.85
2017-03-26,1,2,13.1,569.0,6248.0,18.3,0.84,0.0,4.75,23.89
2017-03-25,1,2,14.0,552.0,5825.0,18.6,0.76,0.0,4.67,24.03
2017-03-24,1,2,13.8,564.0,6175.0,18.2,0.74,0.0,4.7,23.64
2017-03-23,1,2,12.7,564.0,6082.0,18.4,0.74,0.0,4.94,24.08
2017-03-22,1,2,12.8,557.0,6255.0,16.8,0.81,0.0,4.74,22.35
2017-03-21,1,2,12.1,569.0,5947.0,17.0,0.79,0.0,4.93,22.72
2017-03-20,1,2,12.4,519.0,6208.0,15.4,0.83,0.0,4.48,20.71
2017-03-19,1,2,14.1,553.0,6197.0,17.5,0.77,0.0,4.15,22.42
2017-03-18,1,2,12.0,560.0,5947.0,15.7,0.83,0.0,4.08,20.61
2017-03-17,1,2,12.2,534.0,6274.0,17.7,0.83,0.0,4.31,22.84
2017-03-16,1,2,12.5,575.0,5874.0,15.4,0.84,0.0,4.39,20.63
2017-03-15,1,2,12.5,521.0,5862.0,15.6,0.75,0.0,4.13,20.48
2017-03-14,1,2,12.6,534.0,6088.0,18.2,0.84,0.0,4.79,23.83
2017-03-13,1,2,13.4,583.0,6112.0,18.2,0.86,0.0,4.23,23.29
2017-03-12,1,2,12.9,582.0,5821.0,18.3,0.76,0.0,4.61,23.67
2017-03-11,1,2,13.4,519.0,5967.0,18.1,0.79,0.0,4.9,23.79
2017-03-10,1,2,13.4,521.0,6306.0,16.9,0.82,0.0,4.07,21.79
2017-03-09,1,2,12.0,533.0,6270.0,15.3,0.81,0.0,4.72,20.83
2017-03-08,1,2,12.6,532.0,6334.0,18.1,0.76,0.0,4.18,23.04
2017-03-07,1,2,13.9,530.0,6072.0,18.0,0.86,0.0,4.84,23.7
2017-03-06,1,2,12.4,542.0,6036.0,16.4,0.84,0.0,4.58,21.82
2017-03-05,1,2,11.7,522.0,6277.0,17.2,0.78,0.0,4.71,22.69
2017-03-04,1,2,13.3,571.0,6209.0,16.0,0.73,0.0,4.85,21.58
2017-03-03,1,2,14.0,533.0,6266.0,15.6,0.74,0.0,4.45,20.79
2017-03-02,1,2,14.1,553.0,6197.0,17.5,0.77,0.0,4.15,22.42
2017-03-01,1,2,12.0,560.0,5947.0,15.7,0.83,0.0,4.08,20.61
2017-02-28,1,2,13.4,580.0,6113.0,17.0,0.79,0.0,4.9,22.69
2017-02-27,1,2,11.7,527.0,6008.0,16.1,0.79,0.0,4.44,21.33
2017-02-26,1,2,12.7,558.0,5857.0,18.3,0.73,0.0,4.56,23.59
2017-02-25,1,2,13.2,537.0,5867.0,16.9,0.82,0.0,4.06,21.78
2017-02-24,1,2,13.6,546.0,6403.0,18.1,0.74,0.0,4.72,23.56
2017-02-23,1,2,12.6,543.0,6290.0,17.1,0.78,0.0,4.3,22.18
2017-02-22,1,2,14.1,550.0,5810.0,15.7,0.78,0.0,4.74,21.22
2017-02-21,1,2,12.8,578.0,6291.0,15.8,0.77,0.0,4.09,20.66
2017-02-20,1,2,14.0,564.0,5883.0,17.4,0.79,0.0,4.85,23.04
2017-02-19,1,2,13.0,552.0,6226.0,16.6,0.77,0.0,4.65,22.02
2017-02-18,1,2,12.6,582.0,5843.0,16.6,0.87,0.0,4.14,21.61
2017-02-17,1,2,13.7,573.0,5899.0,16.5,0.78,0.0,4.73,22.01
2017-02-16,1,2,11.9,548.0,6177.0,16.9,0.84,0.0,4.16,21.9
2017-02-15,1,2,14.1,547.0,5881.0,17.6,0.79,0.0,4.38,22.77
2017-02-14,1,2,13.9,538.0,6237.0,18.4,0.82,0.0,4.21,23.43
2017-02-13,1,2,14.2,519.0,6024.0,15.3,0.78,0.0,4.76,20.84
2017-02-12,1,2,12.1,544.0,6137.0,15.6,0.81,0.0,4.87,21.28
2017-02-11,1,2,12.8,578.0,6291.0,15.8,0.77,0.0,4.09,20.66
2017-02-10,1,2,12.1,541.0,6202.0,15.8,0.78,0.0,4.57,21.15
2017-02-09,1,2,13.1,564.0,5815.0,15.6,0.81,0.0,4.88,21.29
2017-02-08,1,2,11.9,559.0,6219.0,16.3,0.72,0.0,4.4,21.42
2017-02-07,1,2,12.5,549.0,6117.0,18.7,0.87,0.0,4.49,24.06
2017-02-06,1,2,14.1,578.0,6081.0,17.1,0.81,0.0,4.81,22.72
2017-02-05,1,2,13.2,569.0,5886.0,15.6,0.77,0.0,4.47,20.84
2017-02-04,1,2,12.9,579.0,6067.0,18.2,0.84,0.0,4.91,23.95
2017-02-03,1,2,11.9,536.0,6242.0,16.9,0.81,0.0,4.25,21.96
2017-02-02,1,2,13.1,543.0,5853.0,15.8,0.88,0.0,4.65,21.33
2017-02-01,1,2,12.7,528.0,6272.0,17.8,0.74,0.0,4.7,23.24
2017-01-31,1,2,12.3,549.0,6016.0,18.1,0.83,0.0,4.67,23.6
2017-01-30,1,2,11.9,576.0,5944.0,16.0,0.88,0.0,4.38,21.26
2017-01-29,1,2,13.5,550.0,5801.0,15.4,0.8,0.0,4.88,21.08
2017-01-28,1,2,14.0,554.0,6340.0,16.5,0.83,0.0,4.84,22.17
2017-01-27,1,2,14.1,581.0,5819.0,15.4,0.83,0.0,4.81,21.04
2017-01-26,1,2,14.0,572.0,5973.0,18.7,0.88,0.0,4.19,23.77
2017-01-25,1,2,11.7,539.0,5896.0,16.5,0.85,0.0,4.12,21.47
2016-12-29,1,2,13.4,575.0,5894.0,17.5,0.86,0.0,4.12,22.48
2016-12-28,1,2,12.6,560.0,5861.0,16.7,0.72,0.0,4.39,21.81
2016-12-27,1,2,12.6,560.0,5861.0,16.7,0.72,0.0,4.39,21.81
2016-12-26,1,2,12.7,555.0,5991.0,17.2,0.81,0.0,4.69,22.7
2016-12-25,1,2,12.7,555.0,5991.0,17.2,0.81,0.0,4.69,22.7
2016-12-24,1,2,12.6,560.0,5861.0,16.7,0.72,0.0,4.39,21.81
2016-12-23,1,2,12.6,560.0,5861.0,16.7,0.72,0.0,4.39,21.81
2016-12-22,1,2,13.5,564.0,6362.0,17.7,0.73,0.0,4.22,22.65
2016-12-21,1,2,12.7,541.0,6227.0,17.9,0.83,0.0,4.14,22.87
2016-12-20,1,2,13.5,568.0,6062.0,15.3,0.84,0.0,4.32,20.46
2016-12-19,1,2,12.7,518.0,6102.0,15.6,0.79,0.0,4.59,20.98
2016-12-18,1,2,12.5,540.0,6101.0,16.6,0.81,0.0,4.28,21.69
2016-12-17,1,2,13.1,558.0,6211.0,16.2,0.87,0.0,4.1,21.17
2016-12-16,1,2,12.2,558.0,6213.0,16.4,0.84,0.0,4.57,21.81
2016-12-15,1,2,13.2,531.0,6258.0,16.9,0.81,0.0,4.59,22.3
2016-12-14,1,2,11.7,573.0,5924.0,17.5,0.87,0.0,4.86,23.23
2016-12-13,1,2,13.0,523.0,5934.0,18.5,0.84,0.0,4.15,23.49
2016-12-12,1,2,13.7,556.0,6243.0,17.7,0.77,0.0,4.84,23.31
2016-12-11,1,2,13.3,521.0,6025.0,16.7,0.82,0.0,4.56,22.08
2016-12-10,1,2,13.4,532.0,5880.0,15.8,0.83,0.0,4.61,21.24
2016-12-09,1,2,11.8,534.0,5983.0,17.9,0.73,0.0,4.7,23.33
2016-12-08,1,2,13.2,538.0,5840.0,17.4,0.75,0.0,4.26,22.41
2016-12-07,1,2,13.1,520.0,5909.0,16.6,0.79,0.0,4.8,22.19
2016-12-06,1,2,12.6,560.0,5861.0,16.7,0.72,0.0,4.39,21.81
2016-12-05,1,2,13.9,555.0,5872.0,16.0,0.8,0.0,4.23,21.03
2016-12-04,1,2,13.0,551.0,6152.0,16.2,0.83,0.0,4.39,21.42
2016-12-03,1,2,13.4,538.0,6036.0,17.3,0.73,0.0,4.55,22.58
2016-12-02,1,2,13.2,573.0,5831.0,17.7,0.87,0.0,4.19,22.76
2016-12-01,1,2,13.4,574.0,5968.0,16.7,0.73,0.0,4.15,21.58
2016-11-30,1,2,12.4,543.0,6030.0,15.8,0.77,0.0,4.08,20.65
2016-11-29,1,2,12.2,553.0,5919.0,17.7,0.88,0.0,4.67,23.25
2016-11-28,1,2,12.7,555.0,5991.0,17.2,0.81,0.0,4.69,22.7
2016-11-27,1,2,13.1,569.0,6179.0,16.3,0.72,0.0,4.32,21.34
2016-11-26,1,2,11.7,553.0,6403.0,18.6,0.74,0.0,4.54,23.88
2016-11-25,1,2,12.7,528.0,6139.0,17.8,0.75,0.0,4.33,22.88
2016-11-24,1,2,12.0,582.0,6046.0,17.2,0.73,0.0,4.5,22.43
2016-11-23,1,2,12.6,548.0,6032.0,17.1,0.78,0.0,4.13,22.01
2016-11-22,1,2,13.6,572.0,6176.0,16.6,0.78,0.0,4.31,21.69
2016-11-21,1,2,13.3,556.0,5862.0,16.9,0.73,0.0,4.59,22.22
2016-11-20,1,2,12.3,549.0,5905.0,17.0,0.83,0.0,4.51,22.34
2016-11-19,1,2,11.7,545.0,6291.0,18.4,0.82,0.0,4.09,23.31
2016-11-18,1,2,12.3,549.0,5905.0,17.0,0.83,0.0,4.51,22.34
2016-11-17,1,2,11.9,565.0,5823.0,15.7,0.82,0.0,4.28,20.8
2016-11-16,1,2,11.8,520.0,6086.0,18.6,0.76,0.0,4.69,24.05
2016-11-15,1,2,12.0,548.0,5991.0,17.8,0.78,0.0,4.3,22.88
2016-11-14,1,2,12.8,527.0,6182.0,15.6,0.73,0.0,4.74,21.07
2016-11-13,1,2,12.1,517.0,6343.0,17.0,0.87,0.0,4.85,22.72
2016-11-12,1,2,13.2,525.0,5927.0,16.3,0.87,0.0,4.55,21.72
2016-11-11,1,2,12.7,529.0,6207.0,18.6,0.74,0.0,4.43,23.77
2016-11-10,1,2,13.6,559.0,6204.0,18.1,0.78,0.0,4.27,23.15
2016-11-09,1,2,13.6,562.0,6129.0,16.7,0.83,0.0,4.47,22.0
2016-11-08,1,2,13.3,520.0,5951.0,16.4,0.88,0.0,4.29,21.57
2016-11-07,1,2,12.6,551.0,6403.0,17.2,0.86,0.0,4.74,22.8
2016-11-06,1,2,12.9,554.0,6358.0,17.8,0.83,0.0,4.34,22.97
2016-11-05,1,2,11.8,563.0,6217.0,18.6,0.87,0.0,4.86,24.33
2016-11-04,1,2,12.9,551.0,6396.0,16.2,0.86,0.0,4.58,21.64
2016-11-03,1,2,12.8,578.0,6323.0,17.1,0.82,0.0,4.63,22.55
2016-11-02,1,2,13.9,543.0,6049.0,17.1,0.77,0.0,4.48,22.35
2016-11-01,1,2,11.7,545.0,6291.0,18.4,0.82,0.0,4.09,23.31
2016-10-31,1,2,11.8,555.0,6019.0,15.8,0.72,0.0,4.62,21.14
2016-10-30,1,2,12.2,560.0,6234.0,16.5,0.74,0.0,4.1,21.34
2016-10-29,1,2,12.3,517.0,6374.0,15.5,0.81,0.0,4.24,20.55
2016-10-28,1,2,13.3,577.0,6057.0,16.6,0.81,0.0,4.34,21.75
2016-10-27,1,2,11.7,521.0,6272.0,17.7,0.83,0.0,4.54,23.07
2016-10-26,1,2,12.9,567.0,6021.0,17.2,0.81,0.0,4.83,22.84
2016-10-25,1,2,11.7,582.0,6057.0,17.7,0.85,0.0,4.83,23.38
2016-10-24,1,2,13.8,526.0,5979.0,15.7,0.74,0.0,4.15,20.59
2016-10-23,1,2,13.2,532.0,6226.0,16.7,0.83,0.0,4.29,21.82
2016-10-22,1,2,12.2,563.0,6014.0,17.3,0.8,0.0,4.74,22.84
2016-10-21,1,2,13.6,547.0,5834.0,17.8,0.87,0.0,4.95,23.62
2016-10-20,1,2,12.2,560.0,6138.0,16.1,0.85,0.0,4.2,21.15
2016-10-19,1,2,12.2,582.0,6200.0,18.0,0.82,0.0,4.16,22.98
2016-10-18,1,2,13.0,538.0,6234.0,18.0,0.87,0.0,4.18,23.05
2016-10-17,1,2,12.8,558.0,6265.0,16.8,0.84,0.0,4.5,22.14
2016-10-16,1,2,12.4,570.0,6387.0,16.4,0.86,0.0,4.84,22.1
2016-10-15,1,2,13.0,568.0,5952.0,18.6,0.85,0.0,4.4,23.85
2016-10-14,1,2,12.7,578.0,5967.0,15.4,0.76,0.0,4.51,20.67
2016-10-13,1,2,14.0,549.0,5939.0,16.2,0.82,0.0,4.94,21.96
2016-10-12,1,2,12.1,555.0,6024.0,15.9,0.88,0.0,4.55,21.33
2016-10-11,1,2,14.0,552.0,6383.0,17.8,0.8,0.0,4.34,22.94
2016-10-10,1,2,12.8,536.0,6251.0,17.9,0.84,0.0,4.78,23.52
2016-10-09,1,2,13.6,535.0,5883.0,16.0,0.77,0.0,4.43,21.2
2016-10-08,1,2,11.8,572.0,6408.0,16.3,0.81,0.0,4.27,21.38
2016-10-07,1,2,13.7,525.0,6272.0,17.5,0.82,0.0,4.33,22.65
2016-10-06,1,2,13.9,544.0,5937.0,18.3,0.81,0.0,4.88,23.99
2016-10-05,1,2,12.0,567.0,6204.0,17.0,0.73,0.0,4.09,21.82
2016-10-04,1,2,13.0,574.0,6043.0,18.6,0.88,0.0,4.42,23.9
2016-10-03,1,2,13.3,528.0,6138.0,18.0,0.87,0.0,4.44,23.31
2016-10-02,1,2,11.8,555.0,5982.0,16.2,0.79,0.0,4.15,21.14
2016-10-01,1,2,12.7,532.0,6051.0,17.4,0.84,0.0,4.1,22.34
2016-09-30,1,2,12.6,548.0,6000.0,18.1,0.76,0.0,4.17,23.03
2016-09-20,1,2,12.2,542.0,5904.0,17.9,0.74,0.0,4.22,22.86
2016-09-19,1,2,12.4,552.0,6243.0,18.1,0.73,0.0,4.25,23.08
2016-09-18,1,2,13.6,580.0,6310.0,18.0,0.73,0.0,4.62,23.35
2016-09-17,1,2,11.7,580.0,6075.0,18.3,0.85,0.0,4.3,23.45
2016-09-16,1,2,11.9,580.0,6334.0,16.2,0.86,0.0,4.52,21.58
2016-09-15,1,2,12.6,572.0,5971.0,15.7,0.79,0.0,4.39,20.88
2016-09-14,1,2,13.6,563.0,6027.0,18.0,0.73,0.0,4.64,23.37
2016-09-13,1,2,13.2,551.0,6321.0,17.7,0.87,0.0,4.31,22.88
2016-09-12,1,2,12.2,581.0,6259.0,16.6,0.74,0.0,4.82,22.16
2016-09-11,1,2,14.2,517.0,6083.0,18.4,0.82,0.0,4.86,24.08
2016-09-10,1,2,12.4,545.0,5976.0,16.7,0.8,0.0,4.48,21.98
2016-09-09,1,2,13.6,547.0,6371.0,15.7,0.73,0.0,4.75,21.18
2016-09-08,1,2,13.7,528.0,5999.0,18.1,0.84,0.0,4.24,23.18
2016-09-07,1,2,12.6,522.0,6206.0,18.4,0.86,0.0,4.71,23.97
2016-09-06,1,2,13.8,533.0,6097.0,16.4,0.74,0.0,4.19,21.33
2016-09-05,1,2,13.5,569.0,5891.0,15.7,0.76,0.0,4.4,20.86
2016-09-04,1,2,13.6,517.0,6250.0,17.2,0.88,0.0,4.18,22.26
2016-09-03,1,2,12.3,568.0,6085.0,17.2,0.77,0.0,4.32,22.29
2016-09-02,1,2,13.4,558.0,6163.0,16.1,0.82,0.0,4.21,21.13
2016-09-01,1,2,12.4,537.0,5821.0,16.4,0.86,0.0,4.87,22.13
2016-08-31,1,2,13.3,526.0,6324.0,16.0,0.86,0.0,4.06,20.92
2016-08-30,1,2,14.2,521.0,5853.0,18.0,0.73,0.0,4.5,23.23
2016-08-29,1,2,12.9,556.0,6032.0,15.8,0.77,0.0,4.75,21.32
2016-08-28,1,2,13.1,556.0,6292.0,17.1,0.78,0.0,4.07,21.95
2016-08-27,1,2,11.9,545.0,5855.0,17.6,0.85,0.0,4.12,22.57
2016-08-26,1,2,12.6,536.0,6103.0,17.7,0.83,0.0,4.72,23.25
2016-08-25,1,2,12.7,576.0,6080.0,15.3,0.84,0.0,4.44,20.58
2016-08-24,1,2,13.5,583.0,6404.0,18.4,0.73,0.0,4.41,23.54
2016-08-23,1,2,13.9,548.0,6354.0,16.9,0.73,0.0,4.49,22.12
2016-08-22,1,2,13.9,574.0,6047.0,15.6,0.82,0.0,4.45,20.87
2016-08-21,1,2,13.6,525.0,5820.0,15.4,0.86,0.0,4.33,20.59
2016-08-20,1,2,13.3,523.0,5811.0,16.9,0.72,0.0,4.56,22.18
2016-08-19,1,2,12.6,518.0,5831.0,16.6,0.79,0.0,4.27,21.66
2016-08-18,1,2,12.3,582.0,5876.0,18.3,0.85,0.0,4.34,23.49
2016-08-17,1,2,14.2,562.0,6175.0,16.6,0.74,0.0,4.8,22.14
2016-08-16,1,2,13.1,554.0,5815.0,15.4,0.81,0.0,4.37,20.58
2016-08-15,1,2,11.7,543.0,6313.0,18.5,0.77,0.0,4.63,23.9
2016-08-14,1,2,12.8,553.0,5827.0,18.1,0.86,0.0,4.47,23.43
2016-08-13,1,2,14.1,565.0,6174.0,16.6,0.85,0.0,4.69,22.14
2016-08-12,1,2,13.3,525.0,6405.0,16.9,0.77,0.0,4.93,22.6
2016-08-11,1,2,11.9,525.0,6179.0,17.5,0.87,0.0,4.47,22.84
2016-08-10,1,2,13.6,568.0,6369.0,17.4,0.78,0.0,4.21,22.39
2016-08-08,1,2,13.1,547.0,6159.0,16.8,0.8,0.0,4.09,21.69
2016-08-07,1,2,13.2,562.0,6294.0,18.4,0.79,0.0,4.12,23.31
2016-08-04,1,2,13.7,519.0,5855.0,16.6,0.86,0.0,4.17,21.63
2016-08-03,1,2,13.0,539.0,6334.0,17.9,0.72,0.0,4.24,22.86
2016-08-02,1,2,13.7,520.0,5801.0,15.3,0.86,0.0,4.9,21.06
2016-08-01,1,2,12.6,534.0,6029.0,17.4,0.72,0.0,4.46,22.58
2018-07-31,1,2,9.3,727.0,10506.0,18.6,0.7,0.0,5.69,24.99
2018-07-30,1,2,9.42,736.0,10229.0,17.0,0.66,0.0,5.56,23.22
2018-07-29,1,2,9.7,786.0,10639.0,17.4,0.74,0.0,5.83,23.97
2018-07-28,1,2,9.14,750.0,10760.0,18.4,0.71,0.0,5.31,24.42
2018-07-27,1,2,9.59,728.0,10996.0,17.2,0.65,0.0,5.09,22.94
2018-07-26,1,2,9.1,768.0,10803.0,17.2,0.75,0.0,5.15,23.1
2018-07-25,1,2,8.55,732.0,10934.0,15.3,0.65,0.0,5.25,21.2
2018-07-24,1,2,8.32,721.0,10775.0,16.9,0.67,0.0,5.24,22.81
2018-07-23,1,2,9.85,763.0,10376.0,17.0,0.66,0.0,5.59,23.25
2018-07-22,1,2,8.39,726.0,11050.0,17.2,0.66,0.0,6.01,23.87
2018-07-21,1,2,9.39,798.0,10353.0,17.3,0.71,0.0,5.65,23.66
2018-07-20,1,2,8.41,763.0,10485.0,17.5,0.68,0.0,5.21,23.39
2018-07-19,1,2,9.67,762.0,10321.0,18.4,0.72,0.0,5.22,24.34
2018-07-18,1,2,9.06,757.0,10709.0,17.8,0.64,0.0,6.13,24.57
2018-07-17,1,2,8.78,799.0,10300.0,17.4,0.7,0.0,5.86,23.96
2018-07-16,1,2,8.18,794.0,10687.0,16.8,0.76,0.0,5.65,23.21
2018-07-15,1,2,8.48,719.0,11101.0,17.8,0.73,0.0,5.18,23.71
2018-07-14,1,2,8.92,739.0,10611.0,17.1,0.66,0.0,5.92,23.68
2018-07-13,1,2,8.96,749.0,10705.0,16.5,0.63,0.0,6.06,23.19
2018-07-12,1,2,8.14,777.0,11015.0,15.6,0.73,0.0,6.08,22.41
2018-07-11,1,2,8.73,767.0,10703.0,17.2,0.65,0.0,6.16,24.01
2018-07-10,1,2,8.7,771.0,10533.0,16.8,0.7,0.0,6.15,23.65
2018-07-09,1,2,8.17,772.0,11185.0,16.0,0.69,0.0,6.09,22.78
2018-07-08,1,2,9.57,776.0,10906.0,18.5,0.71,0.0,5.34,24.55
2018-07-07,1,2,8.53,751.0,10706.0,18.5,0.7,0.0,5.52,24.72
2018-07-06,1,2,8.39,796.0,10471.0,16.4,0.72,0.0,5.32,22.44
2018-07-05,1,2,9.35,724.0,10396.0,16.0,0.74,0.0,5.49,22.23
2018-07-04,1,2,9.76,777.0,10960.0,17.0,0.65,0.0,5.71,23.36
2018-07-03,1,2,9.8,736.0,10367.0,15.9,0.74,0.0,5.93,22.57
2018-07-02,1,2,12.8,570.0,6121.0,18.2,0.72,0.0,4.22,23.14
2018-07-01,1,2,12.6,529.0,6330.0,17.5,0.74,0.0,4.69,22.93
2018-06-30,1,2,13.8,540.0,6279.0,16.3,0.74,0.0,4.51,21.55
2018-06-29,1,2,12.9,519.0,5814.0,17.8,0.79,0.0,4.91,23.5
2018-06-28,1,2,14.1,526.0,5936.0,16.2,0.77,0.0,4.75,21.72
2018-06-27,1,2,12.2,547.0,6214.0,17.2,0.82,0.0,4.39,22.41
2018-06-26,1,2,13.1,551.0,5892.0,17.9,0.74,0.0,4.5,23.14
2018-06-25,1,2,13.7,521.0,6369.0,17.9,0.77,0.0,4.34,23.01
2018-06-24,1,2,14.1,574.0,6158.0,16.2,0.74,0.0,4.94,21.88
2018-06-23,1,2,11.7,572.0,5883.0,16.1,0.78,0.0,4.56,21.44
2018-06-22,1,2,14.1,556.0,6025.0,15.7,0.76,0.0,4.45,20.91
2018-06-21,1,2,12.4,556.0,6012.0,17.7,0.8,0.0,4.79,23.29
2018-06-20,1,2,12.6,538.0,6022.0,16.8,0.75,0.0,4.76,22.31
2018-06-19,1,2,14.0,531.0,6406.0,17.3,0.77,0.0,4.75,22.82
2018-06-18,1,2,12.1,541.0,6111.0,16.0,0.8,0.0,4.28,21.08
2018-06-17,1,2,12.8,559.0,6238.0,17.3,0.77,0.0,4.7,22.77
2018-06-16,1,2,11.7,569.0,6081.0,16.4,0.73,0.0,4.62,21.75
2018-06-15,1,2,14.2,581.0,6372.0,18.5,0.75,0.0,4.32,23.57
2018-06-14,1,2,14.0,566.0,6359.0,15.7,0.76,0.0,4.55,21.01
2018-06-13,1,2,13.6,548.0,6264.0,16.4,0.87,0.0,4.42,21.69
2018-06-12,1,2,13.0,559.0,6269.0,15.9,0.87,0.0,4.1,20.87
2018-06-11,1,2,12.3,552.0,5861.0,18.0,0.73,0.0,4.67,23.4
2018-06-10,1,2,13.5,573.0,5852.0,16.2,0.77,0.0,4.73,21.7
2018-06-09,1,2,12.8,576.0,5910.0,16.8,0.72,0.0,4.85,22.37
2018-06-08,1,2,13.0,580.0,5849.0,15.6,0.79,0.0,4.75,21.14
2018-06-07,1,2,12.7,542.0,6062.0,15.5,0.82,0.0,4.71,21.03
2018-06-06,1,2,12.0,552.0,5830.0,16.0,0.79,0.0,4.37,21.16
2018-06-05,1,2,13.9,582.0,6186.0,17.6,0.84,0.0,4.36,22.8
2018-06-04,1,2,13.1,576.0,5830.0,17.7,0.82,0.0,4.09,22.61
2018-06-03,1,2,13.3,555.0,6043.0,17.6,0.81,0.0,4.62,23.03
2018-06-02,1,2,14.0,554.0,6291.0,15.7,0.74,0.0,4.27,20.71
2018-06-01,1,2,14.1,521.0,6071.0,17.3,0.78,0.0,4.66,22.74
2018-05-31,1,2,11.8,522.0,6059.0,18.0,0.73,0.0,4.55,23.28
2018-05-30,1,2,13.6,548.0,6264.0,16.4,0.87,0.0,4.42,21.69
2018-05-29,1,2,12.7,540.0,6217.0,17.8,0.8,0.0,4.37,22.97
2018-05-17,1,2,13.2,521.0,6126.0,17.7,0.79,0.0,4.95,23.44
2018-05-16,1,2,14.3,551.0,5937.0,16.9,0.8,0.0,4.6,22.3
2018-05-11,1,2,11.8,553.0,6068.0,17.7,0.78,0.0,4.62,23.1
2018-05-10,1,2,13.9,557.0,5855.0,15.4,0.8,0.0,4.76,20.96
2018-05-09,1,2,12.5,578.0,6265.0,16.7,0.79,0.0,4.86,22.35
2018-05-08,1,2,14.0,550.0,5943.0,15.7,0.77,0.0,4.2,20.67
2018-05-07,1,2,13.2,557.0,6037.0,18.2,0.8,0.0,4.35,23.35
2018-05-06,1,2,13.8,544.0,6175.0,17.6,0.75,0.0,4.57,22.92
2018-05-05,1,2,14.1,546.0,5961.0,17.4,0.73,0.0,4.91,23.04
2018-05-04,1,2,12.7,530.0,6180.0,15.7,0.84,0.0,4.63,21.17
2018-05-03,1,2,13.3,548.0,6291.0,18.6,0.74,0.0,4.45,23.79
2018-05-02,1,2,13.9,558.0,6242.0,18.4,0.76,0.0,4.5,23.66
2018-05-01,1,2,12.3,542.0,6398.0,15.7,0.75,0.0,4.86,21.31
2018-04-30,1,2,13.9,518.0,6041.0,17.6,0.77,0.0,4.13,22.5
2018-04-29,1,2,13.0,533.0,5981.0,18.4,0.8,0.0,4.9,24.1
2018-04-28,1,2,13.2,564.0,6240.0,15.9,0.82,0.0,4.53,21.25
2018-04-27,1,2,12.2,545.0,6322.0,17.7,0.79,0.0,4.16,22.65
2018-04-26,1,2,13.2,564.0,6240.0,15.9,0.82,0.0,4.53,21.25
2018-04-25,1,2,12.7,537.0,5831.0,17.1,0.77,0.0,4.4,22.27
2018-04-24,1,2,13.2,551.0,5828.0,16.5,0.86,0.0,4.57,21.93
2018-04-23,1,2,11.9,549.0,6171.0,16.4,0.76,0.0,4.56,21.72
2018-04-22,1,2,13.5,557.0,6079.0,18.0,0.73,0.0,4.75,23.48
2018-04-21,1,2,11.9,534.0,5845.0,18.4,0.79,0.0,4.17,23.36
2018-04-20,1,2,13.9,517.0,6090.0,16.0,0.83,0.0,4.13,20.96
2018-04-19,1,2,11.9,525.0,6195.0,18.2,0.82,0.0,4.74,23.76
2018-04-18,1,2,13.1,582.0,6081.0,16.2,0.77,0.0,4.83,21.8
2018-04-17,1,2,13.9,555.0,5973.0,15.9,0.81,0.0,4.29,21.0
2018-04-16,1,2,12.6,566.0,6245.0,17.4,0.86,0.0,4.25,22.51
2018-04-15,1,2,12.1,573.0,6242.0,16.8,0.87,0.0,4.27,21.94
2018-04-14,1,2,13.1,577.0,6275.0,18.1,0.73,0.0,4.16,22.99
2018-04-13,1,2,14.2,572.0,6185.0,16.9,0.77,0.0,4.18,21.85
2018-04-12,1,2,13.2,517.0,5868.0,16.4,0.83,0.0,4.84,22.07
2018-04-11,1,2,13.6,534.0,5863.0,15.9,0.87,0.0,4.91,21.68
2018-04-10,1,2,12.3,566.0,6220.0,16.1,0.84,0.0,4.46,21.4
2018-04-09,1,2,13.9,558.0,6284.0,18.6,0.77,0.0,4.57,23.94
2018-04-08,1,2,14.1,517.0,6365.0,18.0,0.78,0.0,4.61,23.39
2018-04-07,1,2,12.4,573.0,6274.0,15.4,0.81,0.0,4.57,20.78
2018-04-06,1,2,12.3,546.0,5981.0,18.5,0.78,0.0,4.31,23.59
2018-04-05,1,2,12.3,566.0,6220.0,16.1,0.84,0.0,4.46,21.4
2018-04-04,1,2,13.6,548.0,6349.0,15.6,0.77,0.0,4.22,20.59
2018-04-03,1,2,11.9,538.0,6263.0,17.0,0.87,0.0,4.68,22.55
2018-04-02,1,2,13.9,555.0,5973.0,15.9,0.81,0.0,4.29,21.0
2018-04-01,1,2,13.9,558.0,6284.0,18.6,0.77,0.0,4.57,23.94
2018-03-31,1,2,11.9,574.0,6056.0,15.9,0.8,0.0,4.31,21.01
2018-03-30,1,2,12.9,534.0,6018.0,16.9,0.77,0.0,4.13,21.8
2018-03-29,1,2,12.2,527.0,6109.0,17.3,0.87,0.0,4.94,23.11
2018-03-28,1,2,13.6,518.0,6148.0,18.5,0.78,0.0,4.35,23.63
2018-03-27,1,2,13.6,553.0,6102.0,16.9,0.77,0.0,4.15,21.82
2018-03-26,1,2,14.0,529.0,5923.0,18.5,0.72,0.0,4.55,23.77
2018-03-25,1,2,13.6,560.0,6311.0,18.6,0.87,0.0,4.83,24.3
2018-03-24,1,2,12.5,528.0,5990.0,17.5,0.74,0.0,4.28,22.52
2018-03-23,1,2,12.3,520.0,6298.0,17.5,0.85,0.0,4.44,22.79
2018-03-22,1,2,12.7,518.0,6272.0,17.5,0.75,0.0,4.18,22.43
2018-03-21,1,2,13.0,543.0,5917.0,17.2,0.75,0.0,4.58,22.53
2018-03-20,1,2,13.7,581.0,6028.0,17.3,0.8,0.0,4.54,22.64
2018-03-19,1,2,13.1,554.0,5885.0,17.4,0.77,0.0,4.8,22.97
2018-03-18,1,2,12.0,565.0,6188.0,17.5,0.75,0.0,4.16,22.41
2018-03-17,1,2,13.2,545.0,6011.0,18.4,0.79,0.0,4.14,23.33
2018-03-16,1,2,13.4,579.0,6146.0,17.1,0.77,0.0,4.3,22.17
2018-03-15,1,2,11.8,565.0,6157.0,15.5,0.82,0.0,4.76,21.08
2018-03-14,1,2,12.7,526.0,6326.0,16.8,0.87,0.0,4.3,21.97
2018-03-13,1,2,13.4,564.0,5815.0,16.3,0.84,0.0,4.65,21.79
2018-03-12,1,2,13.9,519.0,6179.0,17.0,0.87,0.0,4.65,22.52
2018-03-11,1,2,13.0,567.0,5909.0,16.1,0.81,0.0,4.67,21.58
2018-03-10,1,2,12.9,548.0,5888.0,16.6,0.83,0.0,4.34,21.77
2018-03-09,1,2,13.0,567.0,5909.0,16.1,0.81,0.0,4.67,21.58
2018-03-08,1,2,13.8,536.0,5951.0,16.4,0.83,0.0,4.86,22.09
2018-03-07,1,2,13.3,553.0,6071.0,18.3,0.84,0.0,4.76,23.9
2018-03-06,1,2,12.2,529.0,6097.0,17.3,0.79,0.0,4.17,22.26
2018-03-05,1,2,12.4,545.0,5933.0,16.5,0.78,0.0,4.41,21.69
2018-03-04,1,2,12.2,529.0,6097.0,17.3,0.79,0.0,4.17,22.26
2018-03-03,1,2,13.9,577.0,5817.0,16.3,0.85,0.0,4.42,21.57
2018-03-02,1,2,13.9,557.0,5865.0,16.6,0.79,0.0,4.86,22.25
2018-03-01,1,2,13.7,535.0,6250.0,15.4,0.83,0.0,4.65,20.88
2018-02-28,1,2,12.5,571.0,6051.0,15.5,0.73,0.0,4.92,21.15
2018-02-27,1,2,12.9,537.0,5969.0,17.3,0.75,0.0,4.7,22.75
2018-02-26,1,2,12.4,549.0,6313.0,15.5,0.77,0.0,4.45,20.72
2018-02-25,1,2,13.6,563.0,6117.0,17.8,0.87,0.0,4.94,23.61
2018-02-24,1,2,13.7,579.0,6220.0,15.9,0.88,0.0,4.66,21.44
2018-02-23,1,2,14.2,520.0,5965.0,16.8,0.85,0.0,4.09,21.74
2018-02-22,1,2,14.3,541.0,5921.0,16.0,0.86,0.0,4.72,21.58
2018-02-21,1,2,13.8,539.0,6327.0,17.1,0.83,0.0,4.17,22.1
2018-02-20,1,2,12.7,548.0,6271.0,17.2,0.76,0.0,4.49,22.45
2018-02-19,1,2,12.5,554.0,6358.0,17.1,0.79,0.0,4.57,22.46
2018-02-18,1,2,13.8,525.0,5904.0,17.6,0.84,0.0,4.45,22.89
2018-02-17,1,2,12.3,555.0,6294.0,18.4,0.88,0.0,4.87,24.15
2018-02-16,1,2,13.7,543.0,6304.0,18.2,0.79,0.0,4.77,23.76
2018-02-15,1,2,13.4,558.0,6270.0,17.7,0.87,0.0,4.2,22.77
2018-02-14,1,2,13.4,550.0,5944.0,15.4,0.82,0.0,4.1,20.32
2018-02-13,1,2,14.0,521.0,6326.0,18.4,0.8,0.0,4.94,24.14
2018-02-12,1,2,12.7,558.0,5872.0,15.6,0.84,0.0,4.82,21.26
2018-02-11,1,2,12.8,523.0,6301.0,17.3,0.86,0.0,4.6,22.76
2018-02-10,1,2,12.6,529.0,6319.0,16.3,0.74,0.0,4.59,21.63
2018-02-09,1,2,13.8,528.0,6301.0,16.1,0.86,0.0,4.53,21.49
2018-02-08,1,2,13.7,572.0,5995.0,16.9,0.83,0.0,4.62,22.35
2018-02-07,1,2,12.1,581.0,5803.0,18.4,0.83,0.0,4.65,23.88
2018-02-06,1,2,12.2,557.0,6342.0,16.9,0.88,0.0,4.77,22.55
2018-02-05,1,2,13.2,555.0,6256.0,16.3,0.78,0.0,4.28,21.36
2018-02-04,1,2,13.6,564.0,6101.0,16.0,0.8,0.0,4.33,21.13
2018-02-03,1,2,12.7,571.0,6381.0,15.4,0.86,0.0,4.67,20.93
2018-02-02,1,2,13.8,566.0,6094.0,17.3,0.83,0.0,4.73,22.86
2018-02-01,1,2,13.4,581.0,6092.0,18.1,0.8,0.0,4.7,23.6
2018-01-31,1,2,13.2,574.0,6346.0,16.7,0.74,0.0,4.7,22.14
2018-01-30,1,2,13.7,540.0,5965.0,17.1,0.73,0.0,4.12,21.95
2018-01-29,1,2,12.0,552.0,6366.0,16.3,0.85,0.0,4.74,21.89
2018-01-28,1,2,13.8,517.0,6339.0,16.6,0.77,0.0,4.82,22.19
2018-01-27,1,2,11.7,559.0,5932.0,15.5,0.81,0.0,4.38,20.69
2018-01-26,1,2,11.7,557.0,6114.0,17.4,0.85,0.0,4.75,23.0
2018-01-25,1,2,13.7,527.0,6047.0,15.4,0.77,0.0,4.81,20.98
2017-12-29,1,2,13.9,546.0,6333.0,16.8,0.83,0.0,4.05,21.68
2017-12-28,1,2,13.9,536.0,6355.0,15.5,0.83,0.0,4.64,20.97
2017-12-27,1,2,11.8,578.0,6054.0,18.2,0.79,0.0,4.77,23.76
2017-12-26,1,2,13.2,525.0,6044.0,18.0,0.79,0.0,4.31,23.1
2017-12-25,1,2,13.4,559.0,6094.0,17.5,0.87,0.0,4.68,23.05
2017-12-24,1,2,12.8,531.0,5840.0,17.6,0.79,0.0,4.21,22.6
2017-12-23,1,2,12.7,541.0,6270.0,18.1,0.84,0.0,4.2,23.14
2017-12-22,1,2,13.8,521.0,6114.0,16.8,0.75,0.0,4.95,22.5
2017-12-21,1,2,12.0,523.0,6149.0,17.3,0.78,0.0,4.28,22.36
2017-12-20,1,2,12.3,542.0,6328.0,17.1,0.8,0.0,4.43,22.33
2017-12-19,1,2,12.4,524.0,5818.0,16.6,0.81,0.0,4.29,21.7
2017-12-18,1,2,14.2,580.0,6351.0,17.3,0.73,0.0,4.45,22.48
2017-12-17,1,2,12.4,529.0,6187.0,16.7,0.84,0.0,4.8,22.34
2017-12-16,1,2,13.2,559.0,5892.0,15.9,0.85,0.0,4.45,21.2
2017-12-15,1,2,12.6,550.0,5909.0,16.0,0.85,0.0,4.1,20.95
2017-12-14,1,2,14.0,563.0,5893.0,18.6,0.78,0.0,4.95,24.33
2017-12-13,1,2,12.9,547.0,6037.0,18.4,0.73,0.0,4.4,23.53
2017-12-12,1,2,12.7,523.0,5892.0,15.3,0.75,0.0,4.66,20.71
2017-12-11,1,2,12.8,517.0,5954.0,16.1,0.82,0.0,4.3,21.22
2017-12-10,1,2,13.7,556.0,6217.0,15.8,0.83,0.0,4.48,21.11
2017-12-09,1,2,12.7,567.0,6001.0,16.4,0.87,0.0,4.63,21.9
2017-12-08,1,2,12.4,525.0,6332.0,17.9,0.88,0.0,4.46,23.24
2017-12-07,1,2,13.0,549.0,6265.0,16.1,0.76,0.0,4.32,21.18
2017-12-06,1,2,14.0,518.0,5929.0,16.5,0.77,0.0,4.87,22.14
2017-12-05,1,2,14.0,569.0,6129.0,16.5,0.79,0.0,4.52,21.81
2017-12-04,1,2,13.6,519.0,5972.0,18.3,0.78,0.0,4.83,23.91
2017-12-03,1,2,13.5,579.0,6040.0,16.6,0.85,0.0,4.64,22.09
2017-12-02,1,2,14.1,566.0,6173.0,15.5,0.73,0.0,4.36,20.59
2017-12-01,1,2,13.0,548.0,6297.0,16.3,0.74,0.0,4.62,21.66
2017-11-30,1,2,13.7,581.0,6017.0,16.1,0.81,0.0,4.44,21.35
2017-11-29,1,2,14.2,557.0,6332.0,15.5,0.77,0.0,4.57,20.84
2017-11-28,1,2,11.8,544.0,6073.0,16.9,0.74,0.0,4.27,21.91
2017-11-27,1,2,12.4,563.0,6184.0,16.4,0.8,0.0,4.1,21.3
2017-11-26,1,2,11.8,577.0,6081.0,17.8,0.85,0.0,4.57,23.22
2017-11-25,1,2,12.8,565.0,5921.0,15.4,0.85,0.0,4.77,21.02
2017-11-24,1,2,13.1,568.0,6281.0,18.4,0.82,0.0,4.15,23.37
2017-11-23,1,2,13.2,574.0,6404.0,17.5,0.86,0.0,4.13,22.49
2017-11-22,1,2,13.1,542.0,5838.0,16.3,0.74,0.0,4.73,21.77
2017-11-21,1,2,12.3,531.0,6239.0,15.8,0.76,0.0,4.29,20.85
2017-11-20,1,2,12.3,533.0,6206.0,18.0,0.81,0.0,4.56,23.37
2017-11-19,1,2,14.0,568.0,6231.0,17.5,0.76,0.0,4.92,23.18
2017-11-18,1,2,12.5,549.0,6175.0,16.1,0.83,0.0,4.83,21.76
2017-11-17,1,2,13.0,569.0,6354.0,15.4,0.76,0.0,4.41,20.57
2017-11-16,1,2,12.2,544.0,5908.0,16.3,0.73,0.0,4.95,21.98
2017-11-15,1,2,13.4,546.0,6249.0,17.3,0.82,0.0,4.16,22.28
2017-11-14,1,2,12.2,544.0,5908.0,16.3,0.73,0.0,4.95,21.98
2017-11-13,1,2,13.4,556.0,6377.0,17.0,0.72,0.0,4.53,22.25
2017-11-12,1,2,12.7,566.0,5905.0,17.1,0.78,0.0,4.17,22.05
2017-11-11,1,2,12.9,559.0,5967.0,17.8,0.84,0.0,4.72,23.36
2017-11-10,1,2,14.0,576.0,6332.0,16.4,0.84,0.0,4.36,21.6
2017-11-09,1,2,12.2,577.0,5911.0,16.6,0.77,0.0,4.75,22.12
2017-11-08,1,2,12.1,525.0,5903.0,17.4,0.87,0.0,4.89,23.16
2017-11-07,1,2,12.4,533.0,6089.0,16.3,0.73,0.0,4.8,21.83
2017-11-06,1,2,12.7,535.0,5806.0,17.5,0.76,0.0,4.71,22.97
2017-11-05,1,2,11.8,540.0,6203.0,17.4,0.83,0.0,4.58,22.81
2017-11-04,1,2,14.3,518.0,5971.0,16.2,0.86,0.0,4.36,21.42
2017-11-03,1,2,12.8,565.0,5921.0,15.4,0.85,0.0,4.77,21.02
2017-11-02,1,2,12.1,548.0,6394.0,15.8,0.8,0.0,4.65,21.25
2017-11-01,1,2,13.5,575.0,6254.0,15.3,0.87,0.0,4.4,20.57
2017-10-31,1,2,14.2,527.0,6259.0,17.8,0.85,0.0,4.57,23.22
2017-10-30,1,2,12.6,550.0,5931.0,18.4,0.84,0.0,4.3,23.54
2017-10-29,1,2,11.9,538.0,6263.0,17.0,0.87,0.0,4.68,22.55
2017-10-28,1,2,14.1,532.0,6102.0,17.7,0.86,0.0,4.46,23.02
2017-10-27,1,2,12.0,561.0,5936.0,17.9,0.83,0.0,4.88,23.61
2017-10-26,1,2,12.0,535.0,6014.0,15.3,0.86,0.0,4.66,20.82
2017-10-25,1,2,13.8,522.0,6209.0,16.1,0.84,0.0,4.51,21.45
2017-10-24,1,2,13.4,558.0,6105.0,18.7,0.86,0.0,4.78,24.34
2017-10-23,1,2,14.1,528.0,6306.0,16.3,0.85,0.0,4.46,21.61
2017-10-22,1,2,13.9,572.0,6122.0,15.9,0.82,0.0,4.82,21.54
2017-10-21,1,2,12.9,549.0,5983.0,15.9,0.76,0.0,4.8,21.46
2017-10-20,1,2,14.1,528.0,6306.0,16.3,0.85,0.0,4.46,21.61
2017-10-19,1,2,13.4,553.0,5959.0,17.2,0.83,0.0,4.6,22.63
2017-10-18,1,2,12.2,574.0,6077.0,17.8,0.87,0.0,4.85,23.52
2017-10-17,1,2,13.4,556.0,6382.0,17.6,0.8,0.0,4.13,22.53
2017-10-16,1,2,14.2,562.0,6207.0,15.6,0.76,0.0,4.77,21.13
2017-10-15,1,2,11.9,564.0,5956.0,15.7,0.81,0.0,4.64,21.15
2017-10-14,1,2,11.7,548.0,5981.0,17.1,0.87,0.0,4.77,22.74
2017-10-13,1,2,13.7,526.0,6074.0,18.4,0.83,0.0,4.61,23.84
2017-10-12,1,2,13.1,577.0,6392.0,16.3,0.81,0.0,4.82,21.93
2017-10-11,1,2,13.9,555.0,5999.0,17.7,0.75,0.0,4.66,23.11
2017-10-10,1,2,11.9,534.0,5866.0,16.3,0.81,0.0,4.94,22.05
2017-10-09,1,2,14.2,539.0,6109.0,18.5,0.82,0.0,4.68,24.0
2017-10-08,1,2,11.8,573.0,6195.0,16.5,0.87,0.0,4.27,21.64
2017-10-07,1,2,13.8,581.0,5996.0,18.3,0.79,0.0,4.57,23.66
2017-10-06,1,2,12.1,539.0,6389.0,18.3,0.73,0.0,4.53,23.56
2017-10-05,1,2,13.8,579.0,5944.0,16.9,0.83,0.0,4.51,22.24
2017-10-04,1,2,13.5,579.0,6040.0,16.6,0.85,0.0,4.64,22.09
2017-10-03,1,2,12.4,558.0,6393.0,15.6,0.87,0.0,4.6,21.07
2017-10-02,1,2,12.3,530.0,6271.0,18.2,0.77,0.0,4.26,23.23
2017-10-01,1,2,11.7,539.0,5848.0,16.8,0.73,0.0,4.8,22.33
2017-09-30,1,2,12.9,521.0,6222.0,17.5,0.81,0.0,4.18,22.49
2017-09-20,1,2,12.9,529.0,5846.0,15.9,0.84,0.0,4.15,20.89
2017-09-19,1,2,13.0,538.0,6281.0,17.6,0.84,0.0,4.41,22.85
2017-09-18,1,2,12.1,537.0,5816.0,16.2,0.87,0.0,4.94,22.01
2017-09-17,1,2,12.5,525.0,6311.0,16.6,0.85,0.0,4.6,22.05
2017-09-16,1,2,14.1,557.0,6061.0,16.4,0.77,0.0,4.25,21.42
2017-09-15,1,2,12.6,565.0,6262.0,15.8,0.77,0.0,4.86,21.43
2017-09-14,1,2,12.8,518.0,5990.0,18.0,0.79,0.0,4.43,23.22
2017-09-13,1,2,12.3,547.0,6134.0,18.6,0.83,0.0,4.2,23.63
2017-09-12,1,2,11.8,541.0,6101.0,18.7,0.73,0.0,4.75,24.18
2017-09-11,1,2,13.6,544.0,5916.0,16.4,0.74,0.0,4.35,21.49
2017-09-10,1,2,12.6,524.0,6173.0,18.3,0.87,0.0,4.41,23.58
2017-09-09,1,2,13.6,544.0,5916.0,16.4,0.74,0.0,4.35,21.49
2017-09-08,1,2,14.2,581.0,6388.0,15.7,0.86,0.0,4.58,21.14
2017-09-07,1,2,13.4,529.0,6015.0,18.0,0.75,0.0,4.74,23.49
2017-09-06,1,2,14.2,579.0,6330.0,17.2,0.83,0.0,4.93,22.96
2017-09-05,1,2,13.6,566.0,5845.0,16.0,0.85,0.0,4.27,21.12
2017-09-04,1,2,12.3,520.0,6234.0,16.1,0.81,0.0,4.51,21.42
2017-09-03,1,2,13.2,544.0,6102.0,15.9,0.74,0.0,4.77,21.41
2017-09-02,1,2,12.2,581.0,6238.0,15.3,0.88,0.0,4.06,20.24
2017-09-01,1,2,13.1,529.0,5983.0,16.1,0.82,0.0,4.44,21.36
2017-08-31,1,2,11.9,548.0,6316.0,17.5,0.75,0.0,4.12,22.37
2017-08-30,1,2,13.0,526.0,6293.0,17.4,0.77,0.0,4.67,22.84
2017-08-29,1,2,12.1,564.0,6062.0,16.9,0.77,0.0,4.07,21.74
2017-08-28,1,2,12.6,520.0,6266.0,18.1,0.74,0.0,4.81,23.65
2017-08-27,1,2,12.2,521.0,5831.0,17.0,0.82,0.0,4.74,22.56
2017-08-26,1,2,13.7,569.0,6151.0,18.1,0.73,0.0,4.05,22.88
2017-08-25,1,2,12.6,522.0,6111.0,15.7,0.77,0.0,4.25,20.72
2017-08-24,1,2,12.0,573.0,5930.0,15.3,0.82,0.0,4.22,20.34
2017-08-23,1,2,12.9,521.0,6297.0,16.6,0.84,0.0,4.21,21.65
2017-08-22,1,2,13.8,535.0,6048.0,18.0,0.85,0.0,4.19,23.04
2017-08-21,1,2,13.1,519.0,5867.0,17.6,0.74,0.0,4.17,22.51
2017-08-20,1,2,11.9,544.0,6408.0,17.3,0.78,0.0,4.52,22.6
2017-08-19,1,2,13.6,534.0,5799.0,17.9,0.83,0.0,4.07,22.8
2017-08-18,1,2,13.5,554.0,6250.0,16.4,0.74,0.0,4.44,21.58
2017-08-17,1,2,11.9,543.0,5946.0,16.3,0.75,0.0,4.18,21.23
2017-08-16,1,2,13.3,547.0,6409.0,18.0,0.78,0.0,4.55,23.33
2017-08-15,1,2,14.2,547.0,6284.0,15.6,0.82,0.0,4.72,21.14
2017-08-14,1,2,13.4,545.0,6351.0,16.0,0.75,0.0,4.89,21.64
2017-08-13,1,2,13.3,523.0,5822.0,17.0,0.75,0.0,4.33,22.08
2017-08-12,1,2,12.0,518.0,6358.0,16.5,0.86,0.0,4.78,22.14
2017-08-11,1,2,12.4,558.0,5879.0,16.6,0.84,0.0,4.09,21.53
2017-08-10,1,2,13.3,556.0,5915.0,17.1,0.77,0.0,4.42,22.29
2017-08-08,1,2,12.4,521.0,6079.0,17.1,0.83,0.0,4.85,22.78
2017-08-07,1,2,13.7,521.0,6290.0,15.8,0.79,0.0,4.14,20.73
2017-08-04,3,1,13.8,532.0,6219.0,16.4,0.86,0.0,4.79,22.05
2017-08-03,1,2,13.8,532.0,6219.0,16.4,0.86,0.0,4.79,22.05
2017-08-02,1,2,12.4,549.0,6319.0,16.1,0.85,0.0,4.95,21.9
2017-08-01,1,2,13.3,523.0,5822.0,17.0,0.75,0.0,4.33,22.08
2016-07-31,1,2,13.1,556.0,6308.0,15.4,0.85,0.0,4.67,20.92
2016-07-30,1,2,12.4,570.0,6307.0,17.8,0.88,0.0,4.64,23.32
2016-07-29,1,2,13.0,543.0,5976.0,18.1,0.87,0.0,4.92,23.89
2016-07-28,1,2,13.9,567.0,5876.0,16.9,0.82,0.0,4.24,21.96
2016-07-27,1,2,13.9,540.0,6210.0,17.7,0.79,0.0,4.07,22.56
2016-07-26,1,2,13.3,528.0,6164.0,16.4,0.81,0.0,4.8,22.01
2016-07-25,1,2,13.0,543.0,5976.0,18.1,0.87,0.0,4.92,23.89
2016-07-24,1,2,11.8,574.0,6141.0,18.5,0.86,0.0,4.11,23.47
2016-07-23,1,2,13.9,537.0,6365.0,17.8,0.73,0.0,4.07,22.6
2016-07-22,1,2,13.0,544.0,5949.0,18.5,0.81,0.0,4.21,23.52
2016-07-21,1,2,12.5,570.0,6196.0,16.7,0.88,0.0,4.48,22.06
2016-07-20,1,2,12.4,559.0,6372.0,16.6,0.72,0.0,4.39,21.71
2016-07-19,1,2,12.1,575.0,6247.0,18.6,0.86,0.0,4.1,23.56
2016-07-18,1,2,13.0,519.0,6101.0,17.5,0.74,0.0,4.59,22.83
2016-07-17,1,2,12.9,559.0,5940.0,16.0,0.74,0.0,4.35,21.09
2016-07-16,1,2,13.4,578.0,6258.0,15.9,0.74,0.0,4.8,21.44
2016-07-15,1,2,13.1,581.0,6108.0,15.7,0.83,0.0,4.63,21.16
2016-07-14,1,2,13.9,578.0,5795.0,17.4,0.86,0.0,4.22,22.48
2016-07-13,1,2,13.9,578.0,5795.0,17.4,0.86,0.0,4.22,22.48
2016-07-12,1,2,13.9,578.0,5795.0,17.4,0.86,0.0,4.22,22.48
2016-07-11,1,2,13.9,578.0,5795.0,17.4,0.86,0.0,4.22,22.48
2016-07-10,1,2,13.9,528.0,6099.0,18.7,0.72,0.0,4.07,23.49
2016-07-09,1,2,13.9,528.0,6099.0,18.7,0.72,0.0,4.07,23.49
2016-07-08,1,2,13.9,528.0,6099.0,18.7,0.72,0.0,4.07,23.49
2016-07-07,1,2,13.9,528.0,6099.0,18.7,0.72,0.0,4.07,23.49
2016-07-06,1,2,13.9,528.0,6099.0,18.7,0.72,0.0,4.07,23.49
2016-07-05,1,2,13.9,528.0,6099.0,18.7,0.72,0.0,4.07,23.49
2016-07-04,1,2,13.9,578.0,5795.0,17.4,0.86,0.0,4.22,22.48
2016-07-03,1,2,13.9,578.0,5795.0,17.4,0.86,0.0,4.22,22.48
2016-07-02,1,2,12.0,542.0,6318.0,16.3,0.73,0.0,4.9,21.93
2016-07-01,1,2,12.6,542.0,6333.0,17.2,0.79,0.0,4.36,22.35
2016-06-30,1,2,12.6,531.0,6334.0,15.8,0.72,0.0,4.52,21.04
2016-06-29,1,2,13.9,578.0,5795.0,17.4,0.86,0.0,4.22,22.48
2016-06-28,1,2,13.9,528.0,6099.0,18.7,0.72,0.0,4.07,23.49
2016-06-27,1,2,12.0,542.0,6318.0,16.3,0.73,0.0,4.9,21.93
2016-06-26,1,2,13.9,578.0,5795.0,17.4,0.86,0.0,4.22,22.48
2016-06-25,1,2,12.3,547.0,6007.0,16.9,0.73,0.0,4.67,22.3
2016-06-24,1,2,12.3,557.0,6182.0,18.5,0.79,0.0,4.94,24.23
2016-06-23,1,2,12.6,531.0,6334.0,15.8,0.72,0.0,4.52,21.04
2016-06-22,1,2,13.4,553.0,5879.0,18.6,0.85,0.0,4.4,23.85
2016-06-21,1,2,13.2,567.0,6169.0,17.4,0.82,0.0,4.89,23.11
2016-06-20,1,2,11.9,538.0,6076.0,16.8,0.84,0.0,4.49,22.13
2016-06-19,1,2,13.8,533.0,6081.0,15.8,0.8,0.0,4.83,21.43
2016-06-18,1,2,14.1,577.0,6178.0,18.6,0.83,0.0,4.13,23.56
2016-06-17,1,2,12.3,576.0,6267.0,16.0,0.8,0.0,4.3,21.1
2016-06-16,1,2,13.1,526.0,6107.0,18.3,0.86,0.0,4.81,23.97
2016-06-15,1,2,12.3,547.0,6007.0,16.9,0.73,0.0,4.67,22.3
2016-06-14,1,2,12.3,557.0,6182.0,18.5,0.79,0.0,4.94,24.23
2016-06-13,1,2,13.2,539.0,6360.0,15.8,0.74,0.0,4.94,21.48
2016-06-12,1,2,11.7,553.0,6318.0,15.9,0.84,0.0,4.74,21.48
2016-06-11,1,2,13.7,517.0,5931.0,18.1,0.82,0.0,4.87,23.79
2016-06-10,1,2,13.1,546.0,6319.0,16.3,0.86,0.0,4.26,21.42
2016-06-09,1,2,13.2,552.0,6342.0,17.8,0.76,0.0,4.74,23.3
2016-06-08,1,2,12.6,542.0,6333.0,17.2,0.79,0.0,4.36,22.35
2016-06-07,1,2,12.4,583.0,6311.0,18.7,0.73,0.0,4.65,24.08
2016-06-06,1,2,13.4,523.0,6278.0,16.3,0.79,0.0,4.84,21.93
2016-06-05,1,2,13.7,547.0,6185.0,15.4,0.86,0.0,4.56,20.82
2016-06-04,1,2,13.8,571.0,5837.0,17.3,0.83,0.0,4.57,22.7
2016-06-03,1,2,13.9,528.0,6099.0,18.7,0.72,0.0,4.07,23.49
2016-06-02,1,2,12.0,542.0,6318.0,16.3,0.73,0.0,4.9,21.93
2016-06-01,1,2,13.9,578.0,5795.0,17.4,0.86,0.0,4.22,22.48
2016-05-31,1,2,14.2,577.0,5859.0,16.1,0.78,0.0,4.82,21.7
2016-05-30,1,2,14.2,560.0,6171.0,18.2,0.75,0.0,4.07,23.02
2016-05-29,1,2,13.4,534.0,6346.0,16.3,0.81,0.0,4.21,21.32
2016-05-17,1,2,13.4,565.0,5803.0,17.4,0.73,0.0,4.21,22.34
2016-05-16,1,2,14.1,564.0,6222.0,17.4,0.78,0.0,4.36,22.54
2016-05-11,1,2,12.8,517.0,6028.0,17.6,0.72,0.0,4.9,23.22
2016-05-10,1,2,12.8,551.0,6014.0,16.1,0.85,0.0,4.09,21.04
2016-05-09,1,2,13.5,564.0,6292.0,15.7,0.78,0.0,4.69,21.17
2016-05-08,1,2,12.0,532.0,6303.0,15.4,0.79,0.0,4.12,20.31
2016-05-07,1,2,13.7,549.0,5992.0,16.9,0.78,0.0,4.44,22.12
2016-05-06,1,2,13.9,554.0,5989.0,17.7,0.88,0.0,4.89,23.47
2016-05-05,1,2,14.0,579.0,6224.0,16.0,0.87,0.0,4.6,21.47
2016-05-04,1,2,12.2,523.0,5819.0,17.0,0.73,0.0,4.86,22.59
2016-05-03,1,2,12.3,527.0,5970.0,16.7,0.81,0.0,4.08,21.59
2016-05-02,1,2,13.0,582.0,6326.0,17.3,0.76,0.0,4.45,22.51
2016-05-01,1,2,12.8,554.0,6400.0,16.8,0.72,0.0,4.07,21.59
2016-04-30,1,2,12.4,537.0,5869.0,17.1,0.79,0.0,4.53,22.42
2016-04-29,1,2,12.0,533.0,6153.0,17.1,0.73,0.0,4.06,21.89
2016-04-28,1,2,13.7,567.0,6306.0,17.1,0.87,0.0,4.62,22.59
2016-04-27,1,2,12.4,567.0,6076.0,18.3,0.86,0.0,4.9,24.06
2016-04-26,1,2,13.8,541.0,6257.0,16.2,0.79,0.0,4.87,21.86
2016-04-25,1,2,13.9,565.0,6026.0,16.4,0.84,0.0,4.64,21.88
2016-04-24,1,2,12.0,563.0,6354.0,17.6,0.72,0.0,4.82,23.14
2016-04-23,1,2,11.7,583.0,5940.0,16.1,0.77,0.0,4.17,21.04
2016-04-22,1,2,13.9,530.0,6077.0,18.6,0.77,0.0,4.44,23.81
2016-04-21,1,2,12.9,573.0,5811.0,16.9,0.77,0.0,4.9,22.57
2016-04-20,1,2,13.4,544.0,5804.0,18.0,0.87,0.0,4.42,23.29
2016-04-19,1,2,13.0,582.0,6326.0,17.3,0.76,0.0,4.45,22.51
2016-04-18,1,2,13.6,534.0,5799.0,17.9,0.83,0.0,4.07,22.8
2016-04-17,1,2,13.3,572.0,6320.0,17.1,0.73,0.0,4.1,21.93
2016-04-16,1,2,12.5,552.0,5913.0,17.8,0.84,0.0,4.83,23.47
2016-04-15,1,2,12.0,563.0,6354.0,17.6,0.72,0.0,4.82,23.14
2016-04-14,1,2,11.7,583.0,5940.0,16.1,0.77,0.0,4.17,21.04
2016-04-13,1,2,13.5,524.0,6049.0,15.8,0.75,0.0,4.58,21.13
2016-04-12,1,2,13.3,563.0,6124.0,15.4,0.87,0.0,4.2,20.47
2016-04-11,1,2,11.7,583.0,5940.0,16.1,0.77,0.0,4.17,21.04
2016-04-10,1,2,13.5,525.0,5953.0,17.7,0.73,0.0,4.35,22.78
2016-04-09,1,2,13.7,563.0,5857.0,16.1,0.77,0.0,4.15,21.02
2016-04-08,1,2,13.4,560.0,6135.0,15.4,0.79,0.0,4.07,20.26
2016-04-07,1,2,12.5,537.0,6193.0,16.4,0.84,0.0,4.68,21.92
2016-04-06,1,2,12.0,559.0,5910.0,17.2,0.86,0.0,4.85,22.91
2016-04-05,1,2,12.5,568.0,6244.0,18.6,0.77,0.0,4.48,23.85
2016-04-04,1,2,13.1,521.0,6328.0,18.6,0.77,0.0,4.51,23.88
2016-04-03,1,2,13.8,523.0,5937.0,15.5,0.79,0.0,4.19,20.48
2016-04-02,1,2,13.9,526.0,6244.0,17.6,0.83,0.0,4.87,23.3
2016-04-01,1,2,13.5,560.0,5848.0,15.3,0.76,0.0,4.72,20.78
2016-03-31,1,2,13.3,533.0,5917.0,17.7,0.8,0.0,4.74,23.24
2016-03-30,1,2,13.7,563.0,5857.0,16.1,0.77,0.0,4.15,21.02
2016-03-29,1,2,12.8,540.0,5920.0,17.6,0.73,0.0,4.36,22.69
2016-03-28,1,2,13.4,560.0,6135.0,15.4,0.79,0.0,4.07,20.26
2016-03-27,1,2,12.4,522.0,5999.0,17.4,0.73,0.0,4.32,22.45
2016-03-26,1,2,12.4,582.0,6407.0,15.7,0.79,0.0,4.55,21.04
2016-03-25,1,2,13.6,566.0,5845.0,16.0,0.85,0.0,4.27,21.12
2016-03-24,1,2,13.1,545.0,6240.0,17.7,0.87,0.0,4.06,22.63
2016-03-23,1,2,14.0,574.0,5919.0,16.2,0.75,0.0,4.59,21.54
2016-03-22,1,2,12.0,523.0,6170.0,18.6,0.81,0.0,4.14,23.55
2016-03-21,1,2,13.0,547.0,5820.0,16.9,0.81,0.0,4.58,22.29
2016-03-20,1,2,14.1,563.0,6356.0,18.5,0.73,0.0,4.15,23.38
2016-03-19,1,2,12.9,519.0,6218.0,15.7,0.82,0.0,4.35,20.87
2016-03-18,1,2,11.7,546.0,6205.0,18.0,0.8,0.0,4.86,23.66
2016-03-17,1,2,11.7,562.0,5920.0,15.4,0.72,0.0,4.51,20.63
2016-03-16,1,2,14.0,559.0,6199.0,18.2,0.75,0.0,4.44,23.39
2016-03-15,1,2,13.3,538.0,6270.0,17.1,0.72,0.0,4.07,21.89
2016-03-14,1,2,13.5,566.0,6196.0,17.6,0.76,0.0,4.46,22.82
2016-03-13,1,2,12.8,550.0,5945.0,18.6,0.86,0.0,4.9,24.36
2016-03-12,1,2,13.3,528.0,6233.0,18.4,0.76,0.0,4.33,23.49
2016-03-11,1,2,12.7,559.0,5819.0,17.6,0.83,0.0,4.66,23.09
2016-03-10,1,2,12.4,555.0,5960.0,18.6,0.88,0.0,4.39,23.87
2016-03-09,1,2,13.3,538.0,6270.0,17.1,0.72,0.0,4.07,21.89
2016-03-08,1,2,11.8,561.0,6399.0,17.1,0.75,0.0,4.32,22.17
2016-03-07,1,2,13.5,525.0,5953.0,17.7,0.73,0.0,4.35,22.78
2016-03-06,1,2,12.5,556.0,5799.0,15.6,0.82,0.0,4.23,20.65
2016-03-05,1,2,12.4,542.0,6228.0,17.2,0.79,0.0,4.37,22.36
2016-03-04,1,2,13.3,578.0,5902.0,17.6,0.83,0.0,4.68,23.11
2016-03-03,1,2,12.1,580.0,5957.0,16.2,0.84,0.0,4.88,21.92
2016-03-02,1,2,12.0,538.0,5869.0,15.3,0.79,0.0,4.43,20.52
2016-03-01,1,2,13.2,552.0,5801.0,17.0,0.79,0.0,4.77,22.56
2016-02-29,1,2,12.6,563.0,6343.0,17.8,0.8,0.0,4.25,22.85
2016-02-28,1,2,13.8,567.0,6051.0,16.0,0.85,0.0,4.33,21.18
2016-02-27,1,2,12.5,582.0,6151.0,17.9,0.77,0.0,4.26,22.93
2016-02-26,1,2,12.9,520.0,6334.0,16.2,0.77,0.0,4.68,21.65
2016-02-25,1,2,12.8,558.0,6276.0,18.0,0.83,0.0,4.6,23.43
2016-02-24,1,2,13.5,567.0,6025.0,18.0,0.84,0.0,4.53,23.37
2016-02-23,1,2,12.2,554.0,5907.0,15.4,0.76,0.0,4.23,20.39
2016-02-22,1,2,11.8,525.0,5813.0,18.0,0.82,0.0,4.26,23.08
2016-02-21,1,2,12.5,540.0,6063.0,17.0,0.87,0.0,4.72,22.59
2016-02-20,1,2,12.1,552.0,6212.0,16.1,0.8,0.0,4.85,21.75
2016-02-19,1,2,12.4,569.0,5803.0,16.5,0.84,0.0,4.24,21.58
2016-02-18,1,2,12.2,582.0,6126.0,16.6,0.75,0.0,4.46,21.81
2016-02-17,1,2,12.5,555.0,6400.0,16.1,0.84,0.0,4.3,21.24
2016-02-16,1,2,12.2,528.0,6150.0,15.3,0.79,0.0,4.33,20.42
2016-02-15,1,2,12.3,579.0,6143.0,17.2,0.75,0.0,4.84,22.79
2016-02-14,1,2,12.3,553.0,6381.0,16.5,0.87,0.0,4.44,21.81
2016-02-13,1,2,14.2,532.0,5841.0,16.0,0.76,0.0,4.58,21.34
2016-02-12,1,2,13.5,541.0,6268.0,17.9,0.87,0.0,4.64,23.41
2016-02-11,1,2,13.9,571.0,6208.0,16.3,0.84,0.0,4.95,22.09
2016-02-10,1,2,14.2,548.0,6172.0,16.8,0.85,0.0,4.23,21.88
2016-02-09,1,2,13.0,520.0,6047.0,16.1,0.73,0.0,4.42,21.25
2016-02-08,1,2,14.1,532.0,6134.0,16.7,0.88,0.0,4.43,22.01
2016-02-07,1,2,13.5,539.0,5807.0,16.8,0.85,0.0,4.3,21.95
2016-02-06,1,2,12.4,544.0,5897.0,18.1,0.81,0.0,4.28,23.19
2016-02-05,1,2,13.2,552.0,5801.0,17.0,0.79,0.0,4.77,22.56
2016-02-04,1,2,13.0,542.0,6163.0,16.0,0.87,0.0,4.54,21.41
2016-02-03,1,2,13.3,571.0,6257.0,16.8,0.82,0.0,4.51,22.13
2016-02-02,1,2,11.8,542.0,6101.0,17.5,0.77,0.0,4.41,22.68
2016-02-01,1,2,13.5,574.0,6271.0,18.2,0.75,0.0,4.44,23.39
2016-01-31,1,2,14.2,555.0,5802.0,17.0,0.76,0.0,4.13,21.89
2016-01-30,1,2,12.4,549.0,5836.0,16.1,0.84,0.0,4.41,21.35
2016-01-29,1,2,13.9,551.0,6235.0,15.3,0.76,0.0,4.62,20.68
2016-01-28,1,2,13.6,561.0,6246.0,14.1,0.87,0.0,3.55,18.52
2016-01-27,1,2,13.6,536.0,6334.0,15.0,0.76,0.0,3.19,18.95
2016-01-26,1,2,11.8,544.0,5946.0,16.4,0.79,0.0,3.69,20.88
2015-12-30,1,2,13.0,552.0,6152.0,16.3,0.87,0.0,3.15,20.32
2015-12-29,1,2,13.0,552.0,6152.0,16.3,0.87,0.0,3.15,20.32
2015-12-28,1,2,13.0,552.0,6152.0,16.3,0.87,0.0,3.15,20.32
2015-12-27,1,2,12.1,548.0,6347.0,14.2,0.84,0.0,3.44,18.48
2015-12-26,1,2,12.5,538.0,6038.0,15.4,0.86,0.0,3.2,19.46
2015-12-25,1,2,12.1,552.0,6174.0,14.6,0.86,0.0,3.41,18.87
2015-12-24,1,2,12.1,578.0,5932.0,14.7,0.83,0.0,3.33,18.86
2015-12-23,1,2,12.2,577.0,6405.0,15.6,0.78,0.0,3.49,19.87
2015-12-22,1,2,14.0,556.0,6152.0,15.3,0.87,0.0,3.8,19.97
2015-12-21,1,2,12.3,555.0,6194.0,16.3,0.87,0.0,3.74,20.91
2015-12-20,1,2,12.8,583.0,6151.0,15.4,0.84,0.0,3.57,19.81
2015-12-19,1,2,13.2,527.0,5857.0,13.7,0.83,0.0,3.38,17.91
2015-12-18,1,2,12.1,541.0,6138.0,15.7,0.74,0.0,3.61,20.05
2015-12-17,1,2,13.1,564.0,5943.0,16.3,0.88,0.0,3.69,20.87
2015-12-16,1,2,13.8,582.0,5889.0,14.7,0.74,0.0,3.56,19.0
2015-12-15,1,2,13.1,580.0,6274.0,14.0,0.8,0.0,3.42,18.22
2015-12-14,1,2,13.0,552.0,6056.0,16.0,0.81,0.0,3.23,20.04
2015-12-13,1,2,12.7,559.0,6376.0,14.8,0.88,0.0,3.36,19.04
2015-12-12,1,2,14.2,547.0,6290.0,14.3,0.73,0.0,3.36,18.39
2015-12-11,1,2,13.8,520.0,6183.0,13.6,0.86,0.0,3.49,17.95
2015-12-10,1,2,12.5,560.0,6190.0,14.0,0.81,0.0,3.4,18.21
2015-12-09,1,2,12.7,533.0,6003.0,14.7,0.75,0.0,3.45,18.9
2015-12-08,1,2,13.0,519.0,6165.0,13.6,0.78,0.0,3.52,17.9
2015-12-07,1,2,14.2,551.0,6123.0,15.2,0.83,0.0,3.73,19.76
2015-12-06,1,2,13.5,531.0,6189.0,13.7,0.73,0.0,3.76,18.19
2015-12-05,1,2,12.5,560.0,6190.0,14.0,0.81,0.0,3.4,18.21
2015-12-04,1,2,14.1,522.0,6054.0,15.7,0.74,0.0,3.59,20.03
2015-12-03,1,2,13.3,563.0,6129.0,14.1,0.79,0.0,3.66,18.55
2015-12-02,1,2,13.6,532.0,6034.0,14.6,0.76,0.0,3.32,18.68
2015-12-01,1,2,12.8,574.0,5954.0,13.9,0.83,0.0,3.65,18.38
2015-11-30,1,2,11.8,560.0,6346.0,14.9,0.87,0.0,3.49,19.26
2015-11-29,1,2,12.0,582.0,6063.0,13.7,0.8,0.0,3.26,17.76
2015-11-28,1,2,13.8,529.0,6253.0,13.5,0.77,0.0,3.78,18.05
2015-11-27,1,2,11.9,559.0,6293.0,15.6,0.79,0.0,3.19,19.58
2015-11-26,1,2,13.8,550.0,6284.0,14.2,0.85,0.0,3.33,18.38
2015-11-25,1,2,13.9,517.0,6175.0,13.5,0.73,0.0,3.75,17.98
2015-11-24,1,2,13.5,547.0,5946.0,13.6,0.87,0.0,3.27,17.74
2015-11-23,1,2,13.9,556.0,5956.0,15.5,0.73,0.0,3.57,19.8
2015-11-22,1,2,12.6,538.0,5873.0,14.2,0.82,0.0,3.21,18.23
2015-11-21,1,2,12.3,539.0,5980.0,14.1,0.86,0.0,3.83,18.79
2015-11-20,1,2,12.0,519.0,6400.0,13.7,0.74,0.0,3.51,17.95
2015-11-19,1,2,13.1,532.0,6337.0,15.7,0.83,0.0,3.46,19.99
2015-11-18,1,2,12.0,566.0,6167.0,16.4,0.76,0.0,3.78,20.94
2015-11-17,1,2,13.0,542.0,6056.0,15.7,0.82,0.0,3.54,20.06
2015-11-16,1,2,11.8,547.0,5822.0,14.4,0.74,0.0,3.41,18.55
2015-11-15,1,2,13.6,562.0,6134.0,15.2,0.74,0.0,3.16,19.1
2015-11-14,1,2,13.3,544.0,5847.0,16.1,0.88,0.0,3.49,20.47
2015-11-13,1,2,12.0,578.0,6181.0,15.2,0.77,0.0,3.16,19.13
2015-11-12,1,2,11.7,578.0,6155.0,14.0,0.76,0.0,3.32,18.08
2015-11-11,1,2,13.2,523.0,6130.0,14.2,0.78,0.0,3.72,18.7
2015-11-10,1,2,14.2,523.0,6335.0,14.9,0.78,0.0,3.66,19.34
2015-11-09,1,2,13.3,544.0,5847.0,16.1,0.88,0.0,3.49,20.47
2015-11-08,1,2,13.7,529.0,5871.0,16.5,0.77,0.0,3.41,20.68
2015-11-07,1,2,12.5,574.0,5880.0,15.1,0.72,0.0,3.36,19.18
2015-11-06,1,2,12.8,534.0,6284.0,13.9,0.78,0.0,3.51,18.19
2015-11-05,1,2,13.7,543.0,6351.0,15.7,0.75,0.0,3.18,19.63
2015-11-04,1,2,13.9,534.0,5867.0,14.1,0.86,0.0,3.76,18.72
2015-11-03,1,2,11.7,568.0,6113.0,14.6,0.88,0.0,3.83,19.31
2015-11-02,1,2,13.9,532.0,5885.0,14.7,0.86,0.0,3.35,18.91
2015-11-01,1,2,12.7,564.0,6161.0,15.0,0.73,0.0,3.29,19.02
2015-10-31,1,2,12.5,531.0,5941.0,15.8,0.73,0.0,3.77,20.3
2015-10-30,1,2,12.0,526.0,6056.0,15.5,0.75,0.0,3.72,19.97
2015-10-29,1,2,13.2,556.0,6027.0,14.0,0.73,0.0,3.83,18.56
2015-10-28,1,2,12.6,571.0,5892.0,15.1,0.8,0.0,3.26,19.16
2015-10-27,1,2,12.4,559.0,6302.0,15.9,0.77,0.0,3.78,20.45
2015-10-26,1,2,12.4,559.0,6302.0,15.9,0.77,0.0,3.78,20.45
2015-10-25,1,2,11.7,568.0,6113.0,14.6,0.88,0.0,3.83,19.31
2015-10-24,1,2,12.3,529.0,6394.0,16.1,0.73,0.0,3.78,20.61
2015-10-23,1,2,13.6,560.0,6209.0,15.5,0.74,0.0,3.45,19.69
2015-10-22,1,2,12.2,554.0,5982.0,15.9,0.79,0.0,3.31,20.0
2015-10-21,1,2,12.4,532.0,6084.0,14.9,0.78,0.0,3.6,19.28
2015-10-20,1,2,12.9,568.0,6020.0,14.1,0.84,0.0,3.5,18.44
2015-10-19,1,2,13.5,534.0,6129.0,16.0,0.72,0.0,3.42,20.14
2015-10-18,1,2,13.4,525.0,6149.0,15.9,0.79,0.0,3.35,20.04
2015-10-17,1,2,11.8,524.0,5888.0,15.2,0.85,0.0,3.34,19.39
2015-10-16,1,2,11.8,524.0,5888.0,15.2,0.85,0.0,3.34,19.39
2015-10-15,1,2,11.8,524.0,5888.0,15.2,0.85,0.0,3.34,19.39
2015-10-14,1,2,11.8,524.0,5888.0,15.2,0.85,0.0,3.34,19.39
2015-10-13,1,2,11.8,524.0,5888.0,15.2,0.85,0.0,3.34,19.39
2015-10-12,1,2,11.8,524.0,5888.0,15.2,0.85,0.0,3.34,19.39
2015-10-11,1,2,11.8,524.0,5888.0,15.2,0.85,0.0,3.34,19.39
2015-10-10,1,2,11.8,524.0,5888.0,15.2,0.85,0.0,3.34,19.39
2015-10-09,1,2,11.8,524.0,5888.0,15.2,0.85,0.0,3.34,19.39
2015-10-08,1,2,11.8,524.0,5888.0,15.2,0.85,0.0,3.34,19.39
2015-10-07,1,2,11.8,524.0,5888.0,15.2,0.85,0.0,3.34,19.39
2015-10-06,1,2,11.8,524.0,5888.0,15.2,0.85,0.0,3.34,19.39
2015-10-05,1,2,11.8,524.0,5888.0,15.2,0.85,0.0,3.34,19.39
2015-10-04,1,2,11.8,524.0,5888.0,15.2,0.85,0.0,3.34,19.39
2015-10-03,1,2,11.8,524.0,5888.0,15.2,0.85,0.0,3.34,19.39
2015-10-02,1,2,11.8,524.0,5888.0,15.2,0.85,0.0,3.34,19.39
2015-10-01,1,2,11.8,524.0,5888.0,15.2,0.85,0.0,3.34,19.39
2015-09-21,1,2,13.0,543.0,5928.0,16.3,0.75,0.0,3.64,20.69
2015-09-20,1,2,13.0,543.0,5928.0,16.3,0.75,0.0,3.64,20.69
2015-09-19,1,2,13.0,543.0,5928.0,16.3,0.75,0.0,3.64,20.69
2015-09-18,1,2,12.0,552.0,5819.0,16.1,0.8,0.0,3.32,20.22
2015-09-17,1,2,12.4,583.0,6375.0,14.7,0.77,0.0,3.56,19.03
2015-09-16,1,2,14.1,549.0,6390.0,16.2,0.77,0.0,3.85,20.82
2015-09-15,1,2,13.6,519.0,5972.0,16.1,0.78,0.0,3.76,20.64
2015-09-14,1,2,13.7,526.0,6186.0,15.1,0.8,0.0,3.27,19.17
2015-09-13,1,2,13.9,530.0,6045.0,14.3,0.75,0.0,3.48,18.53
2015-09-12,1,2,12.9,548.0,5867.0,13.6,0.81,0.0,3.48,17.89
2015-09-11,1,2,14.2,547.0,6252.0,14.6,0.8,0.0,3.7,19.1
2015-09-10,1,2,12.3,568.0,6181.0,15.5,0.82,0.0,3.28,19.6
2015-09-09,1,2,12.4,574.0,6178.0,16.2,0.75,0.0,3.64,20.59
2015-09-08,1,2,12.8,539.0,5962.0,15.7,0.75,0.0,3.44,19.89
2015-09-07,1,2,11.8,535.0,5935.0,15.1,0.8,0.0,3.21,19.11
2015-09-06,1,2,13.6,580.0,6299.0,14.8,0.73,0.0,3.52,19.05
2015-09-05,1,2,12.7,535.0,5811.0,16.0,0.84,0.0,3.35,20.19
2015-09-04,1,2,12.9,551.0,5850.0,16.0,0.81,0.0,3.19,20.0
2015-09-03,1,2,12.9,528.0,6399.0,14.8,0.73,0.0,3.8,19.33
2015-09-02,1,2,12.7,558.0,5878.0,14.2,0.76,0.0,3.44,18.4
2015-09-01,1,2,13.2,538.0,5856.0,15.9,0.86,0.0,3.52,20.28
2015-08-31,1,2,11.9,553.0,5956.0,14.7,0.78,0.0,3.47,18.95
2015-08-30,1,2,13.2,528.0,5814.0,13.5,0.82,0.0,3.33,17.65
2015-08-29,1,2,14.1,551.0,6373.0,15.6,0.77,0.0,3.56,19.93
2015-08-28,1,2,13.9,577.0,5806.0,16.4,0.86,0.0,3.36,20.62
2015-08-27,1,2,14.3,533.0,6383.0,14.8,0.73,0.0,3.54,19.07
2015-08-26,1,2,13.5,525.0,5862.0,15.8,0.75,0.0,3.15,19.7
2015-08-25,1,2,13.7,567.0,6274.0,16.0,0.85,0.0,3.62,20.47
2015-08-24,1,2,13.3,553.0,6050.0,15.1,0.81,0.0,3.81,19.72
2015-08-23,1,2,12.0,553.0,6280.0,14.0,0.82,0.0,3.59,18.41
2015-08-22,1,2,12.3,571.0,5871.0,14.4,0.87,0.0,3.81,19.08
2015-08-21,1,2,13.7,545.0,6345.0,16.2,0.75,0.0,3.67,20.62
2015-08-20,1,2,11.7,526.0,6031.0,14.3,0.74,0.0,3.17,18.21
2015-08-19,1,2,13.8,537.0,5856.0,14.1,0.78,0.0,3.16,18.04
2015-08-18,1,2,13.7,574.0,6408.0,15.2,0.76,0.0,3.42,19.38
2015-08-17,1,2,14.2,525.0,6323.0,14.9,0.85,0.0,3.76,19.51
2015-08-16,1,2,13.5,558.0,6046.0,15.7,0.74,0.0,3.46,19.9
2015-08-15,1,2,13.8,535.0,6010.0,16.2,0.75,0.0,3.6,20.55
2015-08-14,1,2,14.1,537.0,5887.0,15.8,0.87,0.0,3.39,20.06
2015-08-13,1,2,12.2,545.0,6407.0,14.9,0.85,0.0,3.78,19.53
2015-08-12,1,2,12.2,519.0,6034.0,14.8,0.72,0.0,3.16,18.68
2015-08-11,1,2,13.9,524.0,5831.0,15.2,0.74,0.0,3.26,19.2
2015-08-09,1,2,12.3,539.0,5857.0,15.1,0.87,0.0,3.63,19.6
2015-08-08,1,2,12.6,557.0,5984.0,15.7,0.8,0.0,3.44,19.94
2015-08-05,1,2,13.2,530.0,6216.0,15.7,0.76,0.0,3.78,20.24
2015-08-04,1,2,11.8,567.0,6034.0,15.7,0.73,0.0,3.68,20.11
2015-08-03,1,2,12.3,548.0,6092.0,16.2,0.82,0.0,3.21,20.23
2015-08-02,1,2,13.4,553.0,6368.0,13.9,0.78,0.0,3.53,18.21
2015-08-01,1,2,11.7,522.0,6197.0,16.4,0.8,0.0,3.51,20.71
2015-07-31,1,2,13.4,519.0,5935.0,13.9,0.77,0.0,3.84,18.51
2015-07-30,1,2,14.1,580.0,5814.0,14.1,0.87,0.0,3.62,18.59
2015-07-29,1,2,13.7,522.0,6273.0,14.4,0.75,0.0,3.19,18.34
2015-07-28,1,2,13.7,548.0,6030.0,14.5,0.88,0.0,3.81,19.19
2015-07-27,1,2,13.2,529.0,6270.0,13.9,0.77,0.0,3.21,17.88
2015-07-26,1,2,13.1,581.0,6076.0,14.7,0.82,0.0,3.63,19.15
2015-07-25,1,2,12.8,564.0,5869.0,14.4,0.77,0.0,3.4,18.57
2015-07-24,1,2,14.0,549.0,6061.0,16.3,0.81,0.0,3.34,20.45
2015-07-23,1,2,11.9,578.0,5863.0,16.3,0.8,0.0,3.44,20.54
2015-07-22,1,2,11.7,522.0,6197.0,16.4,0.8,0.0,3.51,20.71
2015-07-21,1,2,12.0,551.0,5968.0,14.7,0.86,0.0,3.37,18.93
2015-07-20,1,2,12.7,578.0,6031.0,14.8,0.79,0.0,3.45,19.04
2015-07-19,1,2,13.3,579.0,5801.0,14.6,0.86,0.0,3.33,18.79
2015-07-18,1,2,13.3,579.0,5801.0,14.6,0.86,0.0,3.33,18.79
2015-07-17,1,2,13.3,579.0,5801.0,14.6,0.86,0.0,3.33,18.79
2015-07-16,1,2,12.5,557.0,6224.0,16.1,0.88,0.0,3.45,20.43
2015-07-15,1,2,13.8,563.0,6223.0,13.7,0.83,0.0,3.39,17.92
2015-07-14,1,2,13.7,534.0,6160.0,14.8,0.81,0.0,3.65,19.26
2015-07-13,1,2,13.7,548.0,6030.0,14.5,0.88,0.0,3.81,19.19
2015-07-12,1,2,12.9,577.0,6217.0,15.6,0.86,0.0,3.42,19.88
2015-07-11,1,2,12.7,522.0,6073.0,14.2,0.83,0.0,3.64,18.67
2015-07-10,1,2,11.8,539.0,6374.0,15.0,0.75,0.0,3.5,19.25
2015-07-09,1,2,13.1,540.0,5988.0,13.9,0.76,0.0,3.28,17.94
2015-07-08,1,2,12.8,573.0,6066.0,15.9,0.79,0.0,3.33,20.02
2015-07-07,1,2,12.2,522.0,6335.0,16.1,0.85,0.0,3.3,20.25
2015-07-06,1,2,12.9,552.0,6305.0,16.4,0.76,0.0,3.77,20.93
2015-07-05,1,2,14.1,537.0,5881.0,15.3,0.79,0.0,3.71,19.8
2015-07-04,1,2,14.2,552.0,6075.0,14.5,0.74,0.0,3.29,18.53
2015-07-03,1,2,13.9,546.0,6371.0,14.4,0.76,0.0,3.52,18.68
2015-07-02,1,2,13.6,548.0,6322.0,15.2,0.83,0.0,3.7,19.73
2015-07-01,1,2,11.7,527.0,5870.0,14.7,0.85,0.0,3.75,19.3
2015-06-30,1,2,13.6,517.0,6276.0,13.8,0.82,0.0,3.54,18.16
2015-06-29,1,2,13.4,553.0,6368.0,13.9,0.78,0.0,3.53,18.21
2015-06-28,1,2,12.5,535.0,6390.0,13.7,0.83,0.0,3.43,17.96
2015-06-27,1,2,13.8,520.0,6290.0,15.0,0.75,0.0,3.48,19.23
2015-06-26,1,2,12.2,549.0,6229.0,14.8,0.8,0.0,3.36,18.96
2015-06-25,1,2,13.8,551.0,6336.0,16.4,0.77,0.0,3.64,20.81
2015-06-24,1,2,13.0,549.0,6318.0,14.4,0.8,0.0,3.23,18.43
2015-06-23,1,2,13.6,543.0,6033.0,13.9,0.79,0.0,3.46,18.15
2015-06-22,1,2,11.9,571.0,6127.0,15.8,0.81,0.0,3.77,20.38
2015-06-21,1,2,12.2,527.0,6204.0,14.7,0.8,0.0,3.5,19.0
2015-06-20,1,2,14.2,522.0,5874.0,14.0,0.75,0.0,3.39,18.14
2015-06-19,1,2,12.4,548.0,5799.0,15.6,0.87,0.0,3.33,19.8
2015-06-18,1,2,13.4,531.0,6359.0,15.4,0.85,0.0,3.44,19.69
2015-06-17,1,2,14.0,579.0,6262.0,13.8,0.8,0.0,3.23,17.83
2015-06-16,1,2,13.7,557.0,6227.0,16.0,0.74,0.0,3.74,20.48
2015-06-15,1,2,13.0,563.0,6055.0,15.2,0.84,0.0,3.37,19.41
2015-06-14,1,2,12.0,567.0,6299.0,15.4,0.79,0.0,3.8,19.99
2015-06-13,1,2,12.0,552.0,5813.0,15.6,0.72,0.0,3.63,19.95
2015-06-12,1,2,14.1,554.0,6057.0,13.9,0.74,0.0,3.7,18.34
2015-06-11,1,2,13.1,555.0,6319.0,14.6,0.85,0.0,3.71,19.16
2015-06-10,1,2,14.1,575.0,6142.0,15.8,0.83,0.0,3.38,20.01
2015-06-09,1,2,12.1,520.0,6166.0,15.8,0.78,0.0,3.62,20.2
2015-06-08,1,2,12.3,548.0,6092.0,16.2,0.82,0.0,3.21,20.23
2015-06-07,1,2,13.5,544.0,6171.0,15.4,0.76,0.0,3.61,19.77
2015-06-06,1,2,13.5,556.0,6058.0,15.7,0.83,0.0,3.36,19.89
2015-06-05,1,2,12.6,561.0,5855.0,16.2,0.84,0.0,3.46,20.5
2015-06-04,1,2,11.7,537.0,5912.0,14.1,0.73,0.0,3.24,18.07
2015-06-03,1,2,14.1,579.0,5969.0,16.1,0.85,0.0,3.35,20.3
2015-06-02,1,2,12.0,568.0,6145.0,16.3,0.81,0.0,3.36,20.47
2015-06-01,1,2,14.2,522.0,5874.0,14.0,0.75,0.0,3.39,18.14
2015-05-31,1,2,12.4,548.0,5799.0,15.6,0.87,0.0,3.33,19.8
2015-05-30,1,2,11.9,578.0,5863.0,16.3,0.8,0.0,3.44,20.54
2015-05-29,1,2,13.1,555.0,6319.0,14.6,0.85,0.0,3.71,19.16
2015-05-17,1,2,13.3,531.0,6088.0,16.2,0.85,0.0,3.19,20.24
2015-05-16,1,2,12.0,526.0,6126.0,14.2,0.87,0.0,3.35,18.42
2015-05-11,3,1,13.3,531.0,6088.0,16.2,0.85,0.0,3.19,20.24
2015-05-10,1,2,13.3,531.0,6088.0,16.2,0.85,0.0,3.19,20.24
2015-05-09,1,2,13.3,531.0,6088.0,16.2,0.85,0.0,3.19,20.24
2015-05-08,1,2,13.9,530.0,6109.0,15.5,0.79,0.0,3.42,19.71
2015-05-07,1,2,12.7,561.0,6253.0,14.8,0.76,0.0,3.6,19.16
2015-05-06,1,2,13.3,528.0,6201.0,14.1,0.74,0.0,3.4,18.24
2015-05-05,1,2,14.0,520.0,6391.0,15.5,0.8,0.0,3.35,19.65
2015-05-04,1,2,12.3,539.0,5889.0,14.2,0.73,0.0,3.6,18.53
2015-05-03,1,2,12.5,530.0,6021.0,15.6,0.83,0.0,3.48,19.91
2015-05-02,1,2,13.8,517.0,6377.0,14.3,0.86,0.0,3.41,18.57
2015-05-01,1,2,12.8,563.0,5944.0,13.7,0.8,0.0,3.43,17.93
2015-04-30,1,2,12.0,526.0,6126.0,14.2,0.87,0.0,3.35,18.42
2015-04-29,1,2,12.9,532.0,6216.0,12.2,0.76,0.0,3.17,16.13
2015-04-28,1,2,11.9,566.0,6374.0,12.7,0.82,0.0,3.28,16.8
2015-04-27,1,2,12.4,543.0,6041.0,12.1,0.8,0.0,3.16,16.06
2015-04-26,1,2,14.1,550.0,6304.0,13.7,0.75,0.0,3.21,17.66
2015-04-25,1,2,12.1,579.0,5809.0,12.8,0.87,0.0,3.06,16.73
2015-04-24,1,2,13.7,558.0,6147.0,14.1,0.79,0.0,2.85,17.74
2015-04-23,1,2,11.9,540.0,5996.0,12.1,0.77,0.0,3.01,15.88
2015-04-22,1,2,11.7,543.0,6217.0,13.8,0.88,0.0,3.16,17.84
2015-04-21,1,2,12.6,531.0,6196.0,14.2,0.82,0.0,3.04,18.06
2015-04-20,1,2,12.8,521.0,5861.0,14.2,0.82,0.0,2.98,18.0
2015-04-19,1,2,13.4,548.0,6094.0,14.0,0.84,0.0,3.0,17.84
2015-04-18,1,2,12.1,553.0,6062.0,13.6,0.74,0.0,3.19,17.53
2015-04-17,1,2,12.3,544.0,6189.0,11.7,0.77,0.0,2.75,15.22
2015-04-16,1,2,13.2,518.0,6308.0,12.4,0.83,0.0,2.94,16.17
2015-04-15,1,2,13.4,567.0,6318.0,11.7,0.79,0.0,2.92,15.41
2015-04-14,1,2,14.2,542.0,5953.0,13.2,0.76,0.0,2.9,16.86
2015-04-13,1,2,13.7,538.0,5999.0,14.0,0.83,0.0,3.17,18.0
2015-04-12,1,2,12.5,553.0,5812.0,12.8,0.87,0.0,2.96,16.63
2015-04-11,1,2,12.1,552.0,6148.0,13.9,0.76,0.0,3.28,17.94
2015-04-10,1,2,12.5,572.0,6046.0,13.2,0.85,0.0,2.72,16.77
2015-04-09,1,2,13.4,533.0,5821.0,13.2,0.75,0.0,3.23,17.18
2015-04-08,1,2,11.7,560.0,5990.0,14.2,0.8,0.0,2.92,17.92
2015-04-07,1,2,14.1,548.0,6395.0,11.8,0.85,0.0,3.03,15.68
2015-04-06,1,2,13.0,519.0,6133.0,12.6,0.76,0.0,3.04,16.4
2015-04-05,1,2,14.0,576.0,6290.0,13.3,0.8,0.0,3.09,17.19
2015-04-04,1,2,13.0,530.0,6100.0,12.7,0.77,0.0,3.18,16.65
2015-04-03,1,2,11.9,517.0,6163.0,13.6,0.85,0.0,3.22,17.67
2015-04-02,1,2,12.0,578.0,6197.0,11.9,0.84,0.0,3.11,15.85
2015-04-01,1,2,12.5,534.0,6401.0,12.8,0.82,0.0,3.01,16.63
2015-03-31,1,2,13.2,548.0,5903.0,13.7,0.82,0.0,2.92,17.44
2015-03-30,1,2,13.4,571.0,6076.0,13.1,0.86,0.0,3.21,17.17
2015-03-29,1,2,11.9,539.0,6092.0,13.3,0.79,0.0,3.17,17.26
2015-03-28,1,2,12.8,568.0,6329.0,14.2,0.87,0.0,3.3,18.37
2015-03-27,1,2,12.9,561.0,5897.0,13.8,0.77,0.0,3.23,17.8
2015-03-26,1,2,13.8,525.0,5974.0,12.4,0.79,0.0,3.26,16.45
2015-03-25,1,2,12.6,581.0,5950.0,13.9,0.76,0.0,2.76,17.42
2015-03-24,1,2,11.9,517.0,6163.0,13.6,0.85,0.0,3.22,17.67
2015-03-23,1,2,12.8,553.0,5843.0,11.7,0.8,0.0,3.16,15.66
2015-03-22,1,2,14.3,523.0,6346.0,13.8,0.77,0.0,3.2,17.77
2015-03-21,1,2,12.6,546.0,5996.0,12.5,0.77,0.0,2.89,16.16
2015-03-20,1,2,14.2,545.0,5877.0,12.1,0.8,0.0,3.03,15.93
2015-03-19,1,2,11.8,565.0,6142.0,14.0,0.87,0.0,3.0,17.87
2015-03-18,1,2,12.0,519.0,5858.0,13.0,0.81,0.0,2.8,16.61
2015-03-17,1,2,12.0,541.0,6398.0,12.3,0.84,0.0,3.02,16.16
2015-03-16,1,2,11.9,547.0,6369.0,11.8,0.75,0.0,2.86,15.41
2015-03-15,1,2,13.0,536.0,6309.0,14.0,0.87,0.0,3.03,17.9
2015-03-14,1,2,14.1,577.0,6135.0,14.1,0.82,0.0,2.71,17.63
2015-03-13,1,2,12.0,519.0,5858.0,13.0,0.81,0.0,2.8,16.61
2015-03-12,1,2,13.8,544.0,6213.0,13.2,0.85,0.0,2.75,16.8
2015-03-11,1,2,11.7,570.0,6107.0,13.0,0.87,0.0,3.1,16.97
2015-03-10,1,2,14.0,557.0,6269.0,13.7,0.82,0.0,2.87,17.39
2015-03-09,1,2,14.0,557.0,6269.0,13.7,0.82,0.0,2.87,17.39
2015-03-08,1,2,13.0,530.0,6095.0,12.2,0.85,0.0,2.84,15.89
2015-03-07,1,2,12.2,524.0,6253.0,12.4,0.82,0.0,3.23,16.45
2015-03-06,1,2,14.2,550.0,6240.0,12.6,0.88,0.0,3.26,16.74
2015-03-05,1,2,12.0,572.0,5983.0,12.7,0.83,0.0,2.93,16.46
2015-03-04,1,2,13.6,579.0,6384.0,13.1,0.76,0.0,3.1,16.96
2015-03-03,1,2,12.3,542.0,5813.0,13.8,0.77,0.0,3.22,17.79
2015-03-02,1,2,13.8,567.0,5987.0,13.7,0.82,0.0,2.93,17.45
2015-03-01,1,2,13.3,583.0,6256.0,13.9,0.88,0.0,2.9,17.68
2015-02-28,1,2,13.1,544.0,6368.0,13.9,0.75,0.0,2.84,17.49
2015-02-27,1,2,14.2,566.0,5955.0,13.3,0.8,0.0,3.02,17.12
2015-02-26,1,2,13.8,567.0,5987.0,13.7,0.82,0.0,2.93,17.45
2015-02-25,1,2,12.8,539.0,5968.0,14.1,0.82,0.0,3.28,18.2
2015-02-24,1,2,11.8,529.0,6193.0,13.0,0.8,0.0,2.86,16.66
2015-02-23,1,2,13.5,528.0,5851.0,13.7,0.83,0.0,2.79,17.32
2015-02-22,1,2,12.2,536.0,6215.0,12.1,0.75,0.0,3.03,15.88
2015-02-21,1,2,11.7,519.0,5827.0,14.1,0.88,0.0,3.2,18.18
2015-02-20,1,2,12.0,527.0,5912.0,12.5,0.77,0.0,2.88,16.15
2015-02-19,1,2,14.3,559.0,6145.0,13.4,0.78,0.0,3.3,17.48
2015-02-18,1,2,14.0,538.0,6030.0,12.9,0.76,0.0,2.77,16.43
2015-02-17,1,2,12.4,567.0,6049.0,12.6,0.76,0.0,3.02,16.38
2015-02-16,1,2,12.7,581.0,6348.0,12.7,0.83,0.0,2.88,16.41
2015-02-15,1,2,12.4,517.0,6225.0,14.0,0.87,0.0,3.01,17.88
2015-02-14,1,2,14.1,568.0,6018.0,12.6,0.75,0.0,3.13,16.48
2015-02-13,1,2,12.5,521.0,6377.0,13.8,0.78,0.0,3.09,17.67
2015-02-12,1,2,11.9,548.0,6214.0,12.6,0.78,0.0,3.08,16.46
2015-02-11,1,2,14.0,522.0,6315.0,12.3,0.84,0.0,3.0,16.14
2015-02-10,1,2,13.2,534.0,6034.0,13.9,0.75,0.0,2.77,17.42
2015-02-09,1,2,14.3,568.0,6267.0,12.7,0.77,0.0,3.21,16.68
2015-02-08,1,2,12.5,541.0,5999.0,11.9,0.84,0.0,3.19,15.93
2015-02-07,1,2,11.8,544.0,6057.0,12.4,0.79,0.0,3.27,16.46
2015-02-06,1,2,13.0,544.0,5970.0,12.5,0.83,0.0,2.72,16.05
2015-02-05,1,2,12.4,517.0,6225.0,14.0,0.87,0.0,3.01,17.88
2015-02-04,1,2,12.8,568.0,6324.0,13.7,0.79,0.0,2.96,17.45
2015-02-03,1,2,12.8,545.0,6278.0,13.5,0.73,0.0,2.8,17.03
2015-02-02,1,2,14.2,582.0,6287.0,13.9,0.73,0.0,2.79,17.42
2015-02-01,1,2,13.6,538.0,6216.0,12.6,0.76,0.0,3.05,16.41
2015-01-31,1,2,12.3,573.0,5859.0,12.4,0.78,0.0,2.75,15.93
2015-01-30,1,2,13.8,530.0,6221.0,14.2,0.79,0.0,3.04,18.03
2015-01-29,1,2,12.5,580.0,6323.0,11.7,0.82,0.0,3.01,15.53
2015-01-28,1,2,12.7,532.0,6126.0,12.7,0.87,0.0,2.75,16.32
2015-01-27,1,2,14.0,519.0,5796.0,12.6,0.78,0.0,3.0,16.38
2015-01-26,1,2,11.9,537.0,6247.0,12.5,0.77,0.0,2.94,16.21
2015-01-25,1,2,12.0,527.0,5912.0,12.5,0.77,0.0,2.88,16.15
2014-12-29,1,2,12.2,548.0,6245.0,14.1,0.87,0.0,3.28,18.25
2014-12-28,1,2,12.8,522.0,6408.0,12.7,0.87,0.0,3.29,16.86
2014-12-27,1,2,11.9,570.0,6138.0,11.9,0.8,0.0,3.3,16.0
2014-12-26,1,2,12.7,580.0,6354.0,13.2,0.75,0.0,3.21,17.16
2014-12-25,1,2,12.4,542.0,6062.0,13.9,0.78,0.0,3.3,17.98
2014-12-24,1,2,13.3,565.0,6080.0,12.5,0.77,0.0,2.91,16.18
2014-12-23,1,2,13.0,530.0,6095.0,12.2,0.85,0.0,2.84,15.89
2014-12-22,1,2,13.2,573.0,6357.0,13.6,0.73,0.0,3.2,17.53
2014-12-21,1,2,14.3,523.0,6346.0,13.8,0.77,0.0,3.2,17.77
2014-12-20,1,2,12.1,544.0,6089.0,13.9,0.72,0.0,2.87,17.49
2014-12-19,1,2,12.5,580.0,6323.0,11.7,0.82,0.0,3.01,15.53
2014-12-18,1,2,13.1,523.0,6284.0,12.4,0.83,0.0,3.11,16.34
2014-12-17,1,2,14.1,579.0,5980.0,12.3,0.84,0.0,2.94,16.08
2014-12-16,1,2,12.8,568.0,6329.0,14.2,0.87,0.0,3.3,18.37
2014-12-15,1,2,14.2,520.0,6040.0,12.2,0.72,0.0,2.75,15.67
2014-12-14,1,2,13.9,550.0,6209.0,13.7,0.78,0.0,3.06,17.54
2014-12-13,1,2,13.3,548.0,6307.0,13.0,0.81,0.0,2.77,16.58
2014-12-12,1,2,13.7,557.0,6238.0,12.2,0.73,0.0,3.27,16.2
2014-12-11,1,2,12.4,577.0,6016.0,12.7,0.77,0.0,3.16,16.63
2014-12-10,1,2,12.6,561.0,5866.0,12.3,0.83,0.0,3.03,16.16
2014-12-09,1,2,13.1,517.0,6075.0,13.7,0.73,0.0,3.26,17.69
2014-12-08,1,2,13.1,523.0,6284.0,12.4,0.83,0.0,3.11,16.34
2014-12-07,1,2,12.8,568.0,6329.0,14.2,0.87,0.0,3.3,18.37
2014-12-06,1,2,13.1,576.0,5798.0,12.5,0.76,0.0,2.97,16.23
2014-12-05,1,2,11.7,525.0,6036.0,12.8,0.82,0.0,3.05,16.67
2014-12-04,1,2,13.7,535.0,6314.0,12.9,0.86,0.0,3.05,16.81
2014-12-03,1,2,12.2,580.0,6291.0,12.8,0.72,0.0,2.81,16.33
2014-12-02,1,2,12.8,572.0,6077.0,12.0,0.78,0.0,2.92,15.7
2014-12-01,1,2,12.2,550.0,6091.0,12.3,0.73,0.0,2.91,15.94
2014-11-30,1,2,13.4,555.0,6361.0,12.5,0.77,0.0,2.85,16.12
2014-11-29,1,2,12.6,539.0,5937.0,12.6,0.73,0.0,3.08,16.41
2014-11-28,1,2,12.9,572.0,5864.0,13.9,0.78,0.0,2.77,17.45
2014-11-27,1,2,12.0,556.0,6268.0,12.1,0.74,0.0,3.16,16.0
2014-11-26,1,2,12.2,550.0,6091.0,12.3,0.73,0.0,2.91,15.94
2014-11-25,1,2,13.6,567.0,5956.0,12.2,0.72,0.0,2.73,15.65
2014-11-24,1,2,12.4,565.0,5986.0,13.2,0.81,0.0,2.91,16.92
2014-11-23,1,2,12.5,529.0,6038.0,12.3,0.74,0.0,2.78,15.82
2014-11-22,1,2,12.0,556.0,6268.0,12.1,0.74,0.0,3.16,16.0
2014-11-21,1,2,12.8,555.0,6299.0,12.1,0.75,0.0,3.05,15.9
2014-11-20,1,2,13.6,578.0,5923.0,12.3,0.73,0.0,2.88,15.91
2014-11-19,1,2,11.7,520.0,6288.0,12.3,0.74,0.0,2.83,15.87
2014-11-18,1,2,11.8,544.0,6057.0,12.4,0.79,0.0,3.27,16.46
2014-11-17,1,2,13.7,552.0,5874.0,11.7,0.81,0.0,3.05,15.56
2014-11-16,1,2,14.2,553.0,5931.0,14.2,0.76,0.0,3.11,18.07
2014-11-15,1,2,12.6,540.0,6403.0,13.8,0.83,0.0,3.04,17.67
2014-11-14,1,2,13.2,578.0,6104.0,14.1,0.81,0.0,2.82,17.73
2014-11-13,1,2,12.7,579.0,5893.0,12.4,0.73,0.0,2.99,16.12
2014-11-12,1,2,13.2,559.0,5871.0,13.8,0.83,0.0,3.06,17.69
2014-11-11,1,2,11.9,524.0,6222.0,13.5,0.72,0.0,3.03,17.25
2014-11-10,1,2,11.7,555.0,6242.0,13.7,0.72,0.0,3.3,17.72
2014-11-09,1,2,11.7,576.0,6321.0,12.2,0.73,0.0,3.29,16.22
2014-11-08,1,2,13.5,574.0,6388.0,12.5,0.83,0.0,2.8,16.13
2014-11-07,1,2,13.3,562.0,6177.0,12.8,0.88,0.0,2.91,16.59
2014-11-06,1,2,12.2,518.0,6039.0,13.3,0.8,0.0,3.04,17.14
2014-11-05,1,2,13.3,532.0,5976.0,12.4,0.72,0.0,3.0,16.12
2014-11-04,1,2,14.2,548.0,6183.0,13.7,0.84,0.0,2.88,17.42
2014-11-03,1,2,11.9,567.0,5832.0,13.0,0.76,0.0,2.85,16.61
2014-11-02,1,2,14.1,541.0,6336.0,11.9,0.81,0.0,3.22,15.93
2014-11-01,1,2,13.5,539.0,5818.0,13.8,0.84,0.0,2.93,17.57
2014-10-31,1,2,14.2,551.0,6086.0,13.4,0.74,0.0,2.88,17.02
2014-10-30,1,2,13.0,546.0,5815.0,13.3,0.86,0.0,2.94,17.1
2014-10-29,1,2,13.2,543.0,6150.0,12.8,0.82,0.0,2.96,16.58
2014-10-28,1,2,14.1,558.0,5901.0,13.8,0.84,0.0,2.95,17.59
2014-10-27,1,2,13.8,582.0,5857.0,13.5,0.72,0.0,3.07,17.29
2014-10-26,1,2,11.8,582.0,6318.0,12.8,0.82,0.0,2.99,16.61
2014-10-25,1,2,14.1,558.0,5901.0,13.8,0.84,0.0,2.95,17.59
2014-10-24,1,2,14.2,551.0,6086.0,13.4,0.74,0.0,2.88,17.02
2014-10-23,1,2,12.2,535.0,6221.0,12.5,0.83,0.0,2.77,16.1
2014-10-22,1,2,11.7,524.0,6191.0,12.0,0.79,0.0,2.83,15.62
2014-10-21,1,2,12.5,553.0,5812.0,12.8,0.87,0.0,2.96,16.63
2014-10-20,1,2,13.5,539.0,5818.0,13.8,0.84,0.0,2.93,17.57
2014-10-19,1,2,12.5,519.0,6070.0,12.2,0.73,0.0,3.24,16.17
2014-10-18,1,2,12.7,579.0,5893.0,12.4,0.73,0.0,2.99,16.12
2014-10-17,1,2,13.1,576.0,5798.0,12.5,0.76,0.0,2.97,16.23
2014-10-16,1,2,12.4,562.0,6296.0,14.2,0.77,0.0,3.06,18.03
2014-10-15,1,2,11.8,558.0,5933.0,12.7,0.77,0.0,3.15,16.62
2014-10-14,1,2,12.3,570.0,5957.0,12.7,0.73,0.0,2.75,16.18
2014-10-13,1,2,13.9,519.0,6008.0,13.3,0.79,0.0,3.15,17.24
2014-10-12,1,2,12.9,521.0,6195.0,11.9,0.87,0.0,3.14,15.91
2014-10-11,1,2,12.7,565.0,6017.0,12.1,0.74,0.0,3.11,15.95
2014-10-10,1,2,13.7,553.0,6335.0,12.5,0.84,0.0,3.27,16.61
2014-10-09,1,2,12.9,527.0,6404.0,13.2,0.8,0.0,2.99,16.99
2014-10-08,1,2,13.3,560.0,6332.0,12.0,0.85,0.0,3.29,16.14
2014-10-07,1,2,14.2,534.0,5909.0,12.0,0.79,0.0,2.89,15.68
2014-10-06,1,2,13.1,569.0,6205.0,13.9,0.82,0.0,3.12,17.84
2014-10-05,1,2,13.5,539.0,5818.0,13.8,0.84,0.0,2.93,17.57
2014-10-04,1,2,12.0,527.0,5912.0,12.5,0.77,0.0,2.88,16.15
2014-10-03,1,2,12.8,539.0,5968.0,14.1,0.82,0.0,3.28,18.2
2014-10-02,1,2,13.5,579.0,6136.0,13.0,0.74,0.0,3.02,16.76
2014-10-01,1,2,12.1,547.0,6400.0,13.3,0.85,0.0,3.06,17.21
2014-09-30,1,2,13.6,518.0,6132.0,13.6,0.84,0.0,2.73,17.17
2014-09-20,1,2,12.5,529.0,6038.0,12.3,0.74,0.0,2.78,15.82
2014-09-19,1,2,13.8,518.0,5654.0,10.4,0.81,0.0,2.92,14.13
2014-09-18,1,2,14.2,523.0,5228.0,9.31,0.8,0.0,3.15,13.26
2014-09-17,1,2,13.0,569.0,5696.0,9.79,0.78,0.0,2.85,13.42
2014-09-16,1,2,13.7,536.0,5441.0,10.0,0.74,0.0,3.22,13.96
2014-09-15,1,2,13.2,552.0,5586.0,9.25,0.75,0.0,3.19,13.19
2014-09-14,1,2,12.2,537.0,5433.0,10.6,0.8,0.0,3.17,14.57
2014-09-13,1,2,11.8,536.0,5193.0,10.1,0.84,0.0,2.96,13.9
2014-09-12,1,2,11.7,531.0,5196.0,9.02,0.79,0.0,3.03,12.84
2014-09-11,1,2,13.1,542.0,5321.0,10.5,0.81,0.0,2.99,14.3
2014-09-10,1,2,12.0,569.0,5475.0,9.85,0.74,0.0,3.08,13.67
2014-09-09,1,2,13.4,563.0,5305.0,10.9,0.84,0.0,3.27,15.01
2014-09-07,1,2,12.6,549.0,5351.0,9.99,0.76,0.0,2.71,13.46
2014-09-06,1,2,11.9,569.0,5542.0,10.7,0.8,0.0,2.88,14.38
2014-09-05,1,2,12.6,583.0,5330.0,10.4,0.74,0.0,2.71,13.85
2014-09-04,1,2,14.0,539.0,5382.0,10.9,0.72,0.0,2.81,14.43
2014-09-03,1,2,13.0,548.0,5640.0,9.97,0.85,0.0,3.26,14.08
2014-09-02,1,2,11.8,578.0,5457.0,9.54,0.79,0.0,3.29,13.62
2014-09-01,1,2,12.7,544.0,5325.0,9.21,0.76,0.0,3.03,13.0
2014-08-31,1,2,13.9,551.0,5571.0,9.01,0.76,0.0,3.08,12.85
2014-08-30,1,2,13.5,581.0,5248.0,9.74,0.88,0.0,3.25,13.87
2014-08-29,1,2,11.8,520.0,5466.0,10.3,0.78,0.0,3.1,14.18
2014-08-28,1,2,12.4,571.0,5658.0,10.8,0.85,0.0,3.12,14.77
2014-08-27,1,2,12.5,526.0,5505.0,10.7,0.79,0.0,3.03,14.52
2014-08-26,1,2,12.6,536.0,5419.0,10.6,0.73,0.0,2.84,14.17
2014-08-25,1,2,12.5,565.0,5263.0,9.95,0.76,0.0,2.98,13.69
2014-08-24,1,2,11.7,571.0,5370.0,9.16,0.85,0.0,2.95,12.96
2014-08-23,1,2,13.1,537.0,5432.0,10.5,0.83,0.0,2.86,14.19
2014-08-22,1,2,13.9,550.0,5462.0,10.3,0.73,0.0,3.13,14.16
2014-08-21,1,2,13.9,550.0,5462.0,10.3,0.73,0.0,3.13,14.16
2014-08-20,1,2,14.2,529.0,5458.0,10.7,0.83,0.0,2.78,14.31
2014-08-19,1,2,13.1,572.0,5391.0,9.6,0.81,0.0,2.72,13.13
2014-08-18,1,2,12.7,532.0,5317.0,10.3,0.83,0.0,3.29,14.42
2014-08-17,1,2,14.0,541.0,5229.0,10.5,0.84,0.0,3.24,14.58
2014-08-16,1,2,13.2,545.0,5518.0,10.2,0.8,0.0,2.98,13.98
2014-08-15,1,2,13.2,545.0,5518.0,10.2,0.8,0.0,2.98,13.98
2014-08-14,1,2,14.0,522.0,5685.0,9.96,0.77,0.0,2.78,13.51
2014-08-13,1,2,12.3,580.0,5469.0,10.7,0.76,0.0,3.09,14.55
2014-08-12,1,2,14.0,541.0,5229.0,10.5,0.84,0.0,3.24,14.58
2014-08-11,1,2,13.3,554.0,5300.0,10.4,0.77,0.0,3.2,14.37
2014-08-10,1,2,12.5,527.0,5505.0,10.1,0.83,0.0,2.8,13.73
2014-08-09,1,2,12.6,563.0,5206.0,10.4,0.81,0.0,2.88,14.09
2014-08-07,1,2,12.8,556.0,5608.0,9.94,0.76,0.0,2.92,13.62
2014-08-06,1,2,13.1,553.0,5320.0,10.0,0.84,0.0,3.11,13.95
2014-08-03,1,2,13.7,536.0,5441.0,10.0,0.74,0.0,3.22,13.96
2014-08-02,1,2,13.2,552.0,5586.0,9.25,0.75,0.0,3.19,13.19
2014-08-01,1,2,12.2,537.0,5433.0,10.6,0.8,0.0,3.17,14.57
